concept_id,concept_name,concreteness_rating,Pereira_image_paths,Pereira_sentences
1,ability,1.81,"['stimuli/images/Ability/ability_1.jpg', 'stimuli/images/Ability/ability_2.jpg', 'stimuli/images/Ability/ability_3.jpg', 'stimuli/images/Ability/ability_4.jpg', 'stimuli/images/Ability/ability_5.jpg', 'stimuli/images/Ability/ability_6.jpg']","['His ability outshone his genius. ', 'Her ability and knack got her where she is now.', 'His ability and assertiveness made him an attractive candidate.', 'The ability to cultivate creativity is much sought after nowadays.', 'Having forethought is an important ability. ', 'His unwavering intuition is a priceless ability. ']"
2,accomplished,1.7,"['stimuli/images/Accomplished/accomplished_1.jpg', 'stimuli/images/Accomplished/accomplished_2.jpg', 'stimuli/images/Accomplished/accomplished_3.jpg', 'stimuli/images/Accomplished/accomplished_4.jpg', 'stimuli/images/Accomplished/accomplished_5.jpg', 'stimuli/images/Accomplished/accomplished_6.jpg']","['The writer was quite accomplished and on his fourth book.', 'The accomplished producer was well respected.', 'The playwright dreamed of when he would be called accomplished.', 'The accomplished choreographer awaited the performance.', 'The thinker became accomplished through his writings. ', 'The accomplished publicist had more clients than he could name. ']"
3,angry,2.53,"['stimuli/images/Angry/angry_1.jpg', 'stimuli/images/Angry/angry_2.jpg', 'stimuli/images/Angry/angry_3.jpg', 'stimuli/images/Angry/angry_4.jpg', 'stimuli/images/Angry/angry_5.jpg', 'stimuli/images/Angry/angry_6.jpg']","['He was angry and frightened at the same time. ', 'He panicked at how angry his boss was. ', ""She's angry because I offended her. "", 'I was displeased with how outwardly angry he was. ', 'Dissatisfied and angry, he sulked in the corner. ', 'Flabbergasted at the results, she made an angry phone call. ']"
4,apartment,4.9,"['stimuli/images/Apartment/apartment_1.jpg', 'stimuli/images/Apartment/apartment_2.jpg', 'stimuli/images/Apartment/apartment_3.jpg', 'stimuli/images/Apartment/apartment_4.jpg', 'stimuli/images/Apartment/apartment_5.jpg', 'stimuli/images/Apartment/apartment_6.jpg']","['They rent out an apartment from their home.', 'The floor above the apartment is under renovation.', ""This apartment doesn't have a big kitchen."", 'Parts of the apartment can only be accessed by ladder.', 'The hallway in the apartment is long and skinny.', 'The apartment has the cutest little nooks. ']"
5,applause,4.29,"['stimuli/images/Applause/applause_1.jpg', 'stimuli/images/Applause/applause_2.jpg', 'stimuli/images/Applause/applause_3.jpg', 'stimuli/images/Applause/applause_4.jpg', 'stimuli/images/Applause/applause_5.jpg', 'stimuli/images/Applause/applause_6.jpg']","['The applause was drowned out by the cheering.', 'The ruckus of the applause hurt her ears.', 'The commotion of the applause was infectious. ', 'Her applause was inhibited. ', 'He caught an earful of applause on his way out. ', 'The rowdy crowd burst into applause. ']"
6,argument,2.85,"['stimuli/images/Argument/argument_1.jpg', 'stimuli/images/Argument/argument_2.jpg', 'stimuli/images/Argument/argument_3.jpg', 'stimuli/images/Argument/argument_4.jpg', 'stimuli/images/Argument/argument_5.jpg', 'stimuli/images/Argument/argument_6.jpg']","['The new evidence helped his argument.', 'I cannot confirm whether this argument is more valid. ', 'The first argument has a better explanation.', 'This argument has no conclusion.', 'The statement supports the second argument better. ', 'The truth cannot be found with this argument. ']"
7,argumentatively,2.07,"['stimuli/images/Argumentatively/argumentatively_1.jpg', 'stimuli/images/Argumentatively/argumentatively_2.jpg', 'stimuli/images/Argumentatively/argumentatively_3.jpg', 'stimuli/images/Argumentatively/argumentatively_4.jpg', 'stimuli/images/Argumentatively/argumentatively_5.jpg', 'stimuli/images/Argumentatively/argumentatively_6.jpg']","['He said his point argumentatively, and unadvisedly so.', ""Judging on how argumentatively she spoke, I'd say she's hardhearted. "", 'She pitilessly tore apart his argumentatively structured essay.', 'The opaquely constructed thought meshed with how argumentatively she attacked him.', 'She approached the conversation precociously and argumentatively.', 'Beginning provocatively and ending argumentatively, he made a bad impression.']"
8,art,4.17,"['stimuli/images/Art/art_1.jpg', 'stimuli/images/Art/art_2.jpg', 'stimuli/images/Art/art_3.jpg', 'stimuli/images/Art/art_4.jpg', 'stimuli/images/Art/art_5.jpg', 'stimuli/images/Art/art_6.jpg']","['The poetry workshop was a work of art in itself.', 'The tradition of art in this school is strong. ', 'The art exhibition left many breathless.', 'The contemporary art left much to be desired. ', 'Medieval art is not up her alley.', ""The irony of the piece was that it wasn't art in any shape or form.""]"
9,attitude,1.97,"['stimuli/images/Attitude/attitude_1.jpg', 'stimuli/images/Attitude/attitude_2.jpg', 'stimuli/images/Attitude/attitude_3.jpg', 'stimuli/images/Attitude/attitude_4.jpg', 'stimuli/images/Attitude/attitude_5.jpg', 'stimuli/images/Attitude/attitude_6.jpg']","['She has a negative attitude.', ""His selfish attitude won't get him far. "", 'Generally, her attitude is condescending. ', 'He needs to work on his domineering attitude.', 'His humorless attitude is stereotypical for his family.', 'His attitude about this problem is nonchalant. ']"
10,bag,4.9,"['stimuli/images/Bag/bag_1.jpg', 'stimuli/images/Bag/bag_2.jpg', 'stimuli/images/Bag/bag_3.jpg', 'stimuli/images/Bag/bag_4.jpg', 'stimuli/images/Bag/bag_5.jpg', 'stimuli/images/Bag/bag_6.jpg']","['She wanted to pack a bag for the day trip. ', 'He put his wallet in her bag.', 'The leather bag fell from the shelf.', 'He had a bag and a laptop to put in it.', 'The trusty satchel was her favorite bag. ', 'The umbrella was too big for her bag.']"
11,ball,5.0,"['stimuli/images/Ball/ball_1.jpg', 'stimuli/images/Ball/ball_2.jpg', 'stimuli/images/Ball/ball_3.jpg', 'stimuli/images/Ball/ball_4.jpg', 'stimuli/images/Ball/ball_5.jpg', 'stimuli/images/Ball/ball_6.jpg']","['He hit the ball out of the field.', 'She could not pass the ball for the life of her.', 'She could dunk the ball like a pro.', 'Getting a puck can be easier than a ball.', 'The ball bounced off the backboard. ', 'He gave the ball a quick jab. ']"
12,bar,4.67,"['stimuli/images/Bar/bar_1.jpg', 'stimuli/images/Bar/bar_2.jpg', 'stimuli/images/Bar/bar_3.jpg', 'stimuli/images/Bar/bar_4.jpg', 'stimuli/images/Bar/bar_5.jpg', 'stimuli/images/Bar/bar_6.jpg']","['The bar looked like an ancient tavern. ', ""Cowboys don't go to bars, they prefer saloons."", ""He learned quickly that most bars don't cater. "", 'That bar was their new favorite venue to hang out at. ', 'The popular nightclub had added a new bar. ', 'The bar had an urban feel to it. ']"
13,bear,4.88,"['stimuli/images/Bear/bear_1.jpg', 'stimuli/images/Bear/bear_2.jpg', 'stimuli/images/Bear/bear_3.jpg', 'stimuli/images/Bear/bear_4.jpg', 'stimuli/images/Bear/bear_5.jpg', 'stimuli/images/Bear/bear_6.jpg']","['That bear would chase you in a minute.', 'The woodpecker was not afraid of the bear.', 'The caribou and the bear could smell one another.', 'The bear found its next prey in the hare.', 'The swan was not bothered by the bear.', 'The bear ran from the rattlesnake. ']"
14,beat,3.97,"['stimuli/images/Beat/beat_1.jpg', 'stimuli/images/Beat/beat_2.jpg', 'stimuli/images/Beat/beat_3.jpg', 'stimuli/images/Beat/beat_4.jpg', 'stimuli/images/Beat/beat_5.jpg', 'stimuli/images/Beat/beat_6.jpg']","['The beat of the music was soulful.', 'The song had a catchy beat.', 'She tapped her foot to the rhythmic beat.', 'He thought that the beat had a good vibe.', 'People thrashed their heads to the beat. ', 'She can strum the beat on her guitar. ']"
15,bed,5.0,"['stimuli/images/Bed/bed_1.jpg', 'stimuli/images/Bed/bed_2.jpg', 'stimuli/images/Bed/bed_3.jpg', 'stimuli/images/Bed/bed_4.jpg', 'stimuli/images/Bed/bed_5.jpg', 'stimuli/images/Bed/bed_6.jpg']","['She enjoyed sleeping in her own bed.', 'The cot replaced the bed for the night.', 'Napping in bed can be good for you.', 'The toddler crawled onto the bed.', 'The bed cushions sagged quickly.', 'He took the blanket off of the bed.']"
16,beer,4.88,"['stimuli/images/Beer/beer_1.jpg', 'stimuli/images/Beer/beer_2.jpg', 'stimuli/images/Beer/beer_3.jpg', 'stimuli/images/Beer/beer_4.jpg', 'stimuli/images/Beer/beer_5.jpg', 'stimuli/images/Beer/beer_6.jpg']","['Guys tend to like beer more than wine.', 'He grabbed a bottle of beer from the fridge. ', 'The bartender served her a cold wheat beer.', 'She ordered a margarita after seeing the beer options.', 'On this hot day she was dying for a pint of beer.', 'He was thirsty, but luckily he had lots of beer in the fridge. ']"
17,big,3.66,"['stimuli/images/Big/big_1.jpg', 'stimuli/images/Big/big_2.jpg', 'stimuli/images/Big/big_3.jpg', 'stimuli/images/Big/big_4.jpg', 'stimuli/images/Big/big_5.jpg', 'stimuli/images/Big/big_6.jpg']","['He preferred to be a big fish in a small pond.', ""While he wasn't quite obese, he had gotten quite big."", 'Cutting down the branches of the big tree was a substantial job.', 'His big feet were disproportionate to the rest of his body.', 'There was a big selection of a hodgepodge of foods.', 'A bucketful of big strawberries awaited them. ']"
18,bird,5.0,"['stimuli/images/Bird/bird_1.jpg', 'stimuli/images/Bird/bird_2.jpg', 'stimuli/images/Bird/bird_3.jpg', 'stimuli/images/Bird/bird_4.jpg', 'stimuli/images/Bird/bird_5.jpg', 'stimuli/images/Bird/bird_6.jpg']","['The bird flew around the cage.', 'The nest was just big enough for the bird.', 'The only bird she could see was the parrot.', 'The bird poked its head out of the hatch.', 'The bird was holding the worm in its beak. ', 'The bird preened itself for mating.']"
19,blood,4.86,"['stimuli/images/Blood/blood_1.jpg', 'stimuli/images/Blood/blood_2.jpg', 'stimuli/images/Blood/blood_3.jpg', 'stimuli/images/Blood/blood_4.jpg', 'stimuli/images/Blood/blood_5.jpg', 'stimuli/images/Blood/blood_6.jpg']","['She had been bleeding for a while so there was a lot of blood.', 'She has been having issues with blood circulation in her legs.', 'Blood began to fill the wound.', 'Blood spurted out of the rupture. ', 'Blood flows through the major artery.', 'The blood in a vein appears blue through our skin. ']"
20,body,4.79,"['stimuli/images/Body/body_1.jpg', 'stimuli/images/Body/body_2.jpg', 'stimuli/images/Body/body_3.jpg', 'stimuli/images/Body/body_4.jpg', 'stimuli/images/Body/body_5.jpg', 'stimuli/images/Body/body_6.jpg']","['The man had a very athletic body. ', 'Her body was very skinny.', 'She felt like her body was frumpy.', 'The body of the dress made her look shapeless.', 'The midsection of his body was well trained.', ""Outside of the limelight, the model's body was unimposing. ""]"
21,brain,4.69,"['stimuli/images/Brain/brain_1.jpg', 'stimuli/images/Brain/brain_2.jpg', 'stimuli/images/Brain/brain_3.jpg', 'stimuli/images/Brain/brain_4.jpg', 'stimuli/images/Brain/brain_5.jpg', 'stimuli/images/Brain/brain_6.jpg']","['The human brain continues to amaze us today.', 'The brain is made up of cells. ', 'Awake surgery is possible because the brain has no nerve endings.', 'A fundamental unit of the brain is the neuron. ', 'Neuroscientists research the localization of functions in the brain.', 'The cerebellum is one of the oldest parts of the brain. ']"
22,broken,4.11,"['stimuli/images/Broken/broken_1.jpg', 'stimuli/images/Broken/broken_2.jpg', 'stimuli/images/Broken/broken_3.jpg', 'stimuli/images/Broken/broken_4.jpg', 'stimuli/images/Broken/broken_5.jpg', 'stimuli/images/Broken/broken_6.jpg']","['The missing mirror turned out to be broken.', 'The broken leg made the table unstable.', 'She dangerously teetered on the broken chair.', 'The disorganized room was full of broken things.', 'The computer was hopelessly broken. ', 'The door hung crooked after being broken. ']"
23,building,4.64,"['stimuli/images/Building/building_1.jpg', 'stimuli/images/Building/building_2.jpg', 'stimuli/images/Building/building_3.jpg', 'stimuli/images/Building/building_4.jpg', 'stimuli/images/Building/building_5.jpg', 'stimuli/images/Building/building_6.jpg']","['The building used to be a theater.', 'The library building has been around for years.', 'Their building is a mansion just for themselves.', 'The janitor put a mousetrap at the entrance of the building.', ""The skyscraper is the city's newest building."", 'The mosque is the lowest building on the street. ']"
24,burn,4.11,"['stimuli/images/Burn/burn_1.jpg', 'stimuli/images/Burn/burn_2.jpg', 'stimuli/images/Burn/burn_3.jpg', 'stimuli/images/Burn/burn_4.jpg', 'stimuli/images/Burn/burn_5.jpg', 'stimuli/images/Burn/burn_6.jpg']","['The fire would burn slowly. ', 'The cigarette could burn her skin. ', 'A blowtorch will burn all night. ', 'The inflammable jacket will never burn. ', 'The heat of the stove in itself can burn you. ', 'The flashbulb may burn the curtain. ']"
25,business,3.28,"['stimuli/images/Business/business_1.jpg', 'stimuli/images/Business/business_2.jpg', 'stimuli/images/Business/business_3.jpg', 'stimuli/images/Business/business_4.jpg', 'stimuli/images/Business/business_5.jpg', 'stimuli/images/Business/business_6.jpg']","['Banking and business make no sense to me.', 'The company wanted to improve its business sector.', 'He wanted to invest in a better business.  ', 'Her business needed to take out a loan.', 'The business wanted to expand its physical property.', 'This new business venture could make her rich. ']"
26,camera,5.0,"['stimuli/images/Camera/camera_1.jpg', 'stimuli/images/Camera/camera_2.jpg', 'stimuli/images/Camera/camera_3.jpg', 'stimuli/images/Camera/camera_4.jpg', 'stimuli/images/Camera/camera_5.jpg', 'stimuli/images/Camera/camera_6.jpg']","['The best camera has an unremarkable screen size. ', 'The spectrum of colors that this camera captures is unreal.', 'The camera shutter broke as it fell on the concrete. ', ""The camera didn't focus and took poor-quality pictures."", 'The camera display had numerous menu options. ', 'The camera reflex was too slow for what he wanted. ']"
27,carefully,2.15,"['stimuli/images/Carefully/carefully_1.jpg', 'stimuli/images/Carefully/carefully_2.jpg', 'stimuli/images/Carefully/carefully_3.jpg', 'stimuli/images/Carefully/carefully_4.jpg', 'stimuli/images/Carefully/carefully_5.jpg', 'stimuli/images/Carefully/carefully_6.jpg']","['She carefully handled the roses one by one.', 'She performed the job carefully yet efficiently. ', 'He creatively described the problem while carefully explaining the details.', 'The food was neatly and carefully arranged. ', 'The house was carefully and flawlessly constructed. ', 'She conducted it so carefully, that the outcome was brilliantly designed. ']"
28,challenge,2.11,"['stimuli/images/Challenge/challenge_1.jpg', 'stimuli/images/Challenge/challenge_2.jpg', 'stimuli/images/Challenge/challenge_3.jpg', 'stimuli/images/Challenge/challenge_4.jpg', 'stimuli/images/Challenge/challenge_5.jpg', 'stimuli/images/Challenge/challenge_6.jpg']","['This problem proved to be a challenge.', 'The hardship was a challenge she could overcome. ', 'A challenge is an obstacle to overcome.', ""The challenge's burden scared her."", 'It was critical to the team that he passed this challenge.', 'The way he passed the challenge was formidable. ']"
29,charity,2.62,"['stimuli/images/Charity/charity_1.jpg', 'stimuli/images/Charity/charity_2.jpg', 'stimuli/images/Charity/charity_3.jpg', 'stimuli/images/Charity/charity_4.jpg', 'stimuli/images/Charity/charity_5.jpg', 'stimuli/images/Charity/charity_6.jpg']","['This group often volunteers for charity.', 'The social organization developed a new devotion to charity.', 'The charity was improving its monetary allocations.', ""The charity event increased everyone's awareness of the worthy cause."", 'The charity is a resource for families with needs to turn to. ', 'I encourage you to participate in the charity fundraiser. ']"
30,charming,2.14,"['stimuli/images/Charming/charming_1.jpg', 'stimuli/images/Charming/charming_2.jpg', 'stimuli/images/Charming/charming_3.jpg', 'stimuli/images/Charming/charming_4.jpg', 'stimuli/images/Charming/charming_5.jpg', 'stimuli/images/Charming/charming_6.jpg']","['The ambitious salesman was quite charming.', 'Her loveable laugh was charming.', 'His charming smile was beguiling. ', ""The speaker's charismatic nature was charming."", ""The charming toddler's mischievousness got him into trouble. "", 'The proposal was charming and rather gutsy. ']"
31,clothes,4.76,"['stimuli/images/Clothes/clothes_1.jpg', 'stimuli/images/Clothes/clothes_2.jpg', 'stimuli/images/Clothes/clothes_3.jpg', 'stimuli/images/Clothes/clothes_4.jpg', 'stimuli/images/Clothes/clothes_5.jpg', 'stimuli/images/Clothes/clothes_6.jpg']","['None of his clothes are made of mesh.', ""Sizing a growing boy's clothes is a difficult task. "", ""That hat doesn't match his clothes. "", 'His clothes are often made of flannel. ', 'Sports clothes are usually made of spandex.', 'His jacket protected his clothes from getting wet.  ']"
32,cockroach,4.96,"['stimuli/images/Cockroach/cockroach_1.jpg', 'stimuli/images/Cockroach/cockroach_2.jpg', 'stimuli/images/Cockroach/cockroach_3.jpg', 'stimuli/images/Cockroach/cockroach_4.jpg', 'stimuli/images/Cockroach/cockroach_5.jpg', 'stimuli/images/Cockroach/cockroach_6.jpg']","['The pest control killed the cockroach speedily. ', 'The cockroach fed off the mold.', 'The cockroach ate the ant.', 'In the kids story, the grasshopper and the cockroach became friends.', 'The cockroach infestation overwhelmed her. ', 'The pesky cockroach managed to survive.  ']"
33,code,3.0,"['stimuli/images/Code/code_1.jpg', 'stimuli/images/Code/code_2.jpg', 'stimuli/images/Code/code_3.jpg', 'stimuli/images/Code/code_4.jpg', 'stimuli/images/Code/code_5.jpg', 'stimuli/images/Code/code_6.jpg']","['Please change the code to make it run faster.', 'He saved the code quickly when he came up with a new solution.', 'She added new code to the script.', ""He could code like a pro, but he couldn't type fast."", 'The key to good code is simplicity. ', ""She needs to modify her code to take user's inputs.""]"
34,collection,4.04,"['stimuli/images/Collection/collection_1.jpg', 'stimuli/images/Collection/collection_2.jpg', 'stimuli/images/Collection/collection_3.jpg', 'stimuli/images/Collection/collection_4.jpg', 'stimuli/images/Collection/collection_5.jpg', 'stimuli/images/Collection/collection_6.jpg']","['Her collection of precious antiques was her pride and joy.', 'He hoarded a collection of autographs of famous people.', 'Since childhood, she has been growing a collection of postcards and other souvenirs.', 'He stole more than one stamp to complete his collection.', ""The item wasn't worth adding to the collection."", 'She assembled a collection from items bought at auctions.']"
35,computer,4.93,"['stimuli/images/Computer/computer_1.jpg', 'stimuli/images/Computer/computer_2.jpg', 'stimuli/images/Computer/computer_3.jpg', 'stimuli/images/Computer/computer_4.jpg', 'stimuli/images/Computer/computer_5.jpg', 'stimuli/images/Computer/computer_6.jpg']","['The system crashed so he needed another computer.', 'Running the application made the computer freeze.', 'She has never used this kind of interface on her computer before.', 'The infrastructure of the computer might as well be a black box.', 'He was streaming music from his computer. ', 'His desktop computer is pretty old. ']"
36,construction,3.72,"['stimuli/images/Construction/construction_1.jpg', 'stimuli/images/Construction/construction_2.jpg', 'stimuli/images/Construction/construction_3.jpg', 'stimuli/images/Construction/construction_4.jpg', 'stimuli/images/Construction/construction_5.jpg', 'stimuli/images/Construction/construction_6.jpg']","['Construction slowed down as soon as the last wall was put up.', 'Plastering is an important step in construction.', 'The construction process began with flooring.', 'The remodeling would require three years of construction.', 'The homeowner hated the noise of construction.', 'The workmanship of the construction company was amazing.  ']"
37,cook,4.32,"['stimuli/images/Cook/cook_1.jpg', 'stimuli/images/Cook/cook_2.jpg', 'stimuli/images/Cook/cook_3.jpg', 'stimuli/images/Cook/cook_4.jpg', 'stimuli/images/Cook/cook_5.jpg', 'stimuli/images/Cook/cook_6.jpg']","['To cook the fish you have to defrost it first. ', 'If she wanted to cook, she would need a larger fridge. ', 'He thought he could cook when he bought the pan.', 'The steaming pot revealed how well she could cook. ', 'He thought you had to cook the dough. ', 'To cook the stew, first warm up the stove. ']"
38,counting,3.57,"['stimuli/images/Counting/counting_1.jpg', 'stimuli/images/Counting/counting_2.jpg', 'stimuli/images/Counting/counting_3.jpg', 'stimuli/images/Counting/counting_4.jpg', 'stimuli/images/Counting/counting_5.jpg', 'stimuli/images/Counting/counting_6.jpg']","[""He couldn't count past five. "", 'He will count backwards to one.', 'She was already able to count to a hundred.  ', 'I will count by fives to speed it up. ', 'I can count the tally for you.  ', 'He will count up to fourteen. ']"
39,crazy,2.37,"['stimuli/images/Crazy/crazy_1.jpg', 'stimuli/images/Crazy/crazy_2.jpg', 'stimuli/images/Crazy/crazy_3.jpg', 'stimuli/images/Crazy/crazy_4.jpg', 'stimuli/images/Crazy/crazy_5.jpg', 'stimuli/images/Crazy/crazy_6.jpg']","['His nightmare drove him crazy.', 'The crazy taxi driver was freaky.', 'The animal had a crazy and bloodthirsty look to it. ', 'The crazy demon was just grotesque. ', 'The ritual felt crazy and animalistic.', 'As crazy as the dystopia was, it was his new life. ']"
40,damage,3.2,"['stimuli/images/Damage/damage_1.jpg', 'stimuli/images/Damage/damage_2.jpg', 'stimuli/images/Damage/damage_3.jpg', 'stimuli/images/Damage/damage_4.jpg', 'stimuli/images/Damage/damage_5.jpg', 'stimuli/images/Damage/damage_6.jpg']","['The accident left some serious damage.', 'The impact of the snow required damage control.', 'The possibility of damage kept her nervous.', 'The inevitable damage caused by the storm was all he could talk about.', 'Severe damage from the flood left many without a home.', 'The amount of damage in the streets was unexpected. ']"
41,dance,4.32,"['stimuli/images/Dance/dance_1.jpg', 'stimuli/images/Dance/dance_2.jpg', 'stimuli/images/Dance/dance_3.jpg', 'stimuli/images/Dance/dance_4.jpg', 'stimuli/images/Dance/dance_5.jpg', 'stimuli/images/Dance/dance_6.jpg']","['He had to shuffle through the steps of the dance.', 'She learned how the dance in ballroom class last year.', 'Juggling dance and gymnastics was hard.', 'The Irish folk dance requires fast footwork.', 'He was found dancing the dance all the time.', 'Walking the dance helped him learn it. ']"
42,dangerous,2.13,"['stimuli/images/Dangerous/dangerous_1.jpg', 'stimuli/images/Dangerous/dangerous_2.jpg', 'stimuli/images/Dangerous/dangerous_3.jpg', 'stimuli/images/Dangerous/dangerous_4.jpg', 'stimuli/images/Dangerous/dangerous_5.jpg', 'stimuli/images/Dangerous/dangerous_6.jpg']","['The punishment was dangerous and cruel.', 'Climbing that bridge was boneheaded and dangerous. ', 'Aggravating the president was unpatriotic and plain dangerous.', 'It was unwise to take on that dangerous of a task. ', 'The dangerous monster smelled atrociously.', 'It is unacceptable how dangerous these living conditions are. ']"
43,deceive,1.68,"['stimuli/images/Deceive/deceive_1.jpg', 'stimuli/images/Deceive/deceive_2.jpg', 'stimuli/images/Deceive/deceive_3.jpg', 'stimuli/images/Deceive/deceive_4.jpg', 'stimuli/images/Deceive/deceive_5.jpg', 'stimuli/images/Deceive/deceive_6.jpg']","['To lie is to deceive.', 'How could he deceive her in such a devious way?', 'His ploy was to deceive the old lady over a long period of time. ', 'The plan was to bribe and deceive him quickly. ', 'She did not want to deceive him, but she was too far into the operative now. ', 'The motive was serious enough for him to deceive his friend. ']"
44,dedication,2.16,"['stimuli/images/Dedication/dedication_1.jpg', 'stimuli/images/Dedication/dedication_2.jpg', 'stimuli/images/Dedication/dedication_3.jpg', 'stimuli/images/Dedication/dedication_4.jpg', 'stimuli/images/Dedication/dedication_5.jpg', 'stimuli/images/Dedication/dedication_6.jpg']","['His passionate proclamation demonstrated his dedication.', 'His dedication to his job is what made him so successful.', 'Her dedication spurred her pursuit of the best caterer.', 'Her dedication mirrored her commitment to the task.', 'His dedication to the relationship meant he was very faithful to her. ', 'Her loyal dedication was demonstrated over the years.  ']"
45,deliberately,2.86,"['stimuli/images/Deliberately/deliberately_1.jpg', 'stimuli/images/Deliberately/deliberately_2.jpg', 'stimuli/images/Deliberately/deliberately_3.jpg', 'stimuli/images/Deliberately/deliberately_4.jpg', 'stimuli/images/Deliberately/deliberately_5.jpg', 'stimuli/images/Deliberately/deliberately_6.jpg']","['She deliberately and wrongfully hurt her friend.', 'He ruthlessly and deliberately ignored her that night. ', 'She inadvertently stepped on him and he deliberately pushed her in response.', 'He arbitrarily, rather than deliberately, asked her out. ', 'The decision was made deliberately and it unjustly cost her her job.', 'He foolishly accepted the offer that deliberately cut his wage in half. ']"
46,delivery,3.69,"['stimuli/images/Delivery/delivery_1.jpg', 'stimuli/images/Delivery/delivery_2.jpg', 'stimuli/images/Delivery/delivery_3.jpg', 'stimuli/images/Delivery/delivery_4.jpg', 'stimuli/images/Delivery/delivery_5.jpg', 'stimuli/images/Delivery/delivery_6.jpg']","['The website offered free delivery. ', 'The delivery date was unclear. ', 'The form of delivery was up to him. ', 'She wanted to intercept the delivery so that no one else could see it.', 'He wanted confirmation of the delivery. ', 'Because time was of essence, she requested express delivery.']"
47,dessert,4.93,"['stimuli/images/Dessert/dessert_1.jpg', 'stimuli/images/Dessert/dessert_2.jpg', 'stimuli/images/Dessert/dessert_3.jpg', 'stimuli/images/Dessert/dessert_4.jpg', 'stimuli/images/Dessert/dessert_5.jpg', 'stimuli/images/Dessert/dessert_6.jpg']","['Ice cream is her favorite dessert.', 'Candy is a good choice for dessert.', 'The dessert at the dinner was fruitcake.', 'Yogurt did not replace dessert in her mind.', 'The jelly sandwich was practically dessert. ', 'The filling of the dessert was marvelous. ']"
48,device,3.97,"['stimuli/images/Device/device_1.jpg', 'stimuli/images/Device/device_2.jpg', 'stimuli/images/Device/device_3.jpg', 'stimuli/images/Device/device_4.jpg', 'stimuli/images/Device/device_5.jpg', 'stimuli/images/Device/device_6.jpg']","[""She didn't understand how to position the antenna so that the device would work."", 'The device was wired in a very simple way. ', 'She had to coax the device to get it going again. ', 'The switch on the device popped off unexpectedly.', 'The device was disconnected from the power outlet.', 'The transistor was built into the device. ']"
49,dig,4.33,"['stimuli/images/Dig/dig_1.jpg', 'stimuli/images/Dig/dig_2.jpg', 'stimuli/images/Dig/dig_3.jpg', 'stimuli/images/Dig/dig_4.jpg', 'stimuli/images/Dig/dig_5.jpg', 'stimuli/images/Dig/dig_6.jpg']","['He can dig and discover all he wants. ', 'The erosion made it difficult to dig.', ""He didn't want to dig in the excavation."", ""The fossil was found after most people didn't want to dig anymore.  "", 'You can dig a ditch in a few hours.', ""While he wanted to dig, he didn't want to be underground. ""]"
50,dinner,4.5,"['stimuli/images/Dinner/dinner_1.jpg', 'stimuli/images/Dinner/dinner_2.jpg', 'stimuli/images/Dinner/dinner_3.jpg', 'stimuli/images/Dinner/dinner_4.jpg', 'stimuli/images/Dinner/dinner_5.jpg', 'stimuli/images/Dinner/dinner_6.jpg']","['Her lunch is often made up of leftovers from dinner. ', 'He wanted a sandwich for dinner.', 'Noodles from dinner were still on the table.  ', 'Fondue for dinner is her favorite.', 'I would like to serve dinner now.', 'The dinner was super yummy. ']"
51,disease,3.45,"['stimuli/images/Disease/disease_1.jpg', 'stimuli/images/Disease/disease_2.jpg', 'stimuli/images/Disease/disease_3.jpg', 'stimuli/images/Disease/disease_4.jpg', 'stimuli/images/Disease/disease_5.jpg', 'stimuli/images/Disease/disease_6.jpg']","['Heart disease is common in the U.S.', 'Type Two Diabetes is a disease that usually only adults get.', 'The tumor was a symptom of a serious disease.', 'Abnormal test results indicated the onset of a disease.', 'The patient was relieved to hear that his disease was in remission. ', ""They didn't know the source of his respiratory disease. ""]"
52,dissolve,3.15,"['stimuli/images/Dissolve/dissolve_1.jpg', 'stimuli/images/Dissolve/dissolve_2.jpg', 'stimuli/images/Dissolve/dissolve_3.jpg', 'stimuli/images/Dissolve/dissolve_4.jpg', 'stimuli/images/Dissolve/dissolve_5.jpg', 'stimuli/images/Dissolve/dissolve_6.jpg']","['Inject some more solution to dissolve the powder.', ""You won't dissolve the issue by asking them to disperse. "", 'Dissolve the substance and let it evaporate. ', 'Distill and dissolve the issue immediately. ', ""You won't dissolve the memory if you compartmentalize it. "", 'Demystify and dissolve the rumor. ']"
53,disturb,3.04,"['stimuli/images/Disturb/disturb_1.jpg', 'stimuli/images/Disturb/disturb_2.jpg', 'stimuli/images/Disturb/disturb_3.jpg', 'stimuli/images/Disturb/disturb_4.jpg', 'stimuli/images/Disturb/disturb_5.jpg', 'stimuli/images/Disturb/disturb_6.jpg']","['His insult will disturb her deeply.', ""He can disturb her as much as he likes, it won't affect me."", 'He can disturb and aggravate just about anyone.', ""Conspire as much as you like, it won't disturb her. "", ""Restrain yourself and don't disturb the peace. "", 'If you disturb the meeting, you might jeopardize your chances. ']"
54,do,2.46,"['stimuli/images/Do/do_1.jpg', 'stimuli/images/Do/do_2.jpg', 'stimuli/images/Do/do_3.jpg', 'stimuli/images/Do/do_4.jpg', 'stimuli/images/Do/do_5.jpg', 'stimuli/images/Do/do_6.jpg']","['Do you often deviate from the rules?', 'I do not falter when I know what I want.', 'You do get punished if you misbehave. ', 'Do me no wrong and divulge the secret. ', 'I dare you to do that. ', 'You do have the tendency to annoy me. ']"
55,doctor,4.69,"['stimuli/images/Doctor/doctor_1.jpg', 'stimuli/images/Doctor/doctor_2.jpg', 'stimuli/images/Doctor/doctor_3.jpg', 'stimuli/images/Doctor/doctor_4.jpg', 'stimuli/images/Doctor/doctor_5.jpg', 'stimuli/images/Doctor/doctor_6.jpg']","['The hospital wanted to hire a new doctor. ', 'A young brilliant doctor performed the surgery.', 'The doctor was not used to dealing with patient trauma. ', 'There is no such thing as an occupational doctor. ', 'He would consult his friend first before he saw his doctor.', 'The physician preferred being called a doctor. ']"
56,dog,4.85,"['stimuli/images/Dog/dog_1.jpg', 'stimuli/images/Dog/dog_2.jpg', 'stimuli/images/Dog/dog_3.jpg', 'stimuli/images/Dog/dog_4.jpg', 'stimuli/images/Dog/dog_5.jpg', 'stimuli/images/Dog/dog_6.jpg']","['The man was able to rescue the dog.', 'The shelter worker wished that more people wanted a dog.', ""Her dog's temperament matched her own."", 'A dog is a great companion. ', 'The spaniel was a terrible dog. ', ""The vet didn't want a dog of her own. ""]"
57,dressing,4.03,"['stimuli/images/Dressing/dressing_1.jpg', 'stimuli/images/Dressing/dressing_2.jpg', 'stimuli/images/Dressing/dressing_3.jpg', 'stimuli/images/Dressing/dressing_4.jpg', 'stimuli/images/Dressing/dressing_5.jpg', 'stimuli/images/Dressing/dressing_6.jpg']","['The dressing would be thicker if an egg was mixed in. ', 'Garlic made the dressing inedible. ', 'The mozzarella was glazed with an oily dressing.', ""A delicious dressing was used as a garnish for the entr'e. "", 'The dressing gave the marmalade a sour twist. ', 'Sauerkraut is sour enough without dressing. ']"
58,driver,4.71,"['stimuli/images/Driver/driver_1.jpg', 'stimuli/images/Driver/driver_2.jpg', 'stimuli/images/Driver/driver_3.jpg', 'stimuli/images/Driver/driver_4.jpg', 'stimuli/images/Driver/driver_5.jpg', 'stimuli/images/Driver/driver_6.jpg']","['The driver felt it was his duty to take her home safely.', 'The driver could not lift the bicycle out of the trunk.', 'The bulldozer needed a better driver.', 'The taxicab driver was tired of the people behind him.', 'The actress needed to hire a new driver. ', 'The driver hated loading in at the airport. ']"
59,economy,2.57,"['stimuli/images/Economy/economy_1.jpg', 'stimuli/images/Economy/economy_2.jpg', 'stimuli/images/Economy/economy_3.jpg', 'stimuli/images/Economy/economy_4.jpg', 'stimuli/images/Economy/economy_5.jpg', 'stimuli/images/Economy/economy_6.jpg']","['The boom gave the economy a big boost.', 'The economy spiked unexpectedly.', 'The economy was in a slump.', 'The demand for carpools was not predicted by the economy.', ""Unemployment continues to affect the country's economy."", 'The current economy is good for college graduates. ']"
60,election,3.17,"['stimuli/images/Election/election_1.jpg', 'stimuli/images/Election/election_2.jpg', 'stimuli/images/Election/election_3.jpg', 'stimuli/images/Election/election_4.jpg', 'stimuli/images/Election/election_5.jpg', 'stimuli/images/Election/election_6.jpg']","['The election took place at the town hall meeting.', 'The council would hold another election next spring.', 'The candidate was up for election.', 'The poll was swarmed for the election.', 'The nomination for election was an honor. ', ""The councilman didn't stay for the election. ""]"
61,electron,2.96,"['stimuli/images/Electron/electron_1.jpg', 'stimuli/images/Electron/electron_2.jpg', 'stimuli/images/Electron/electron_3.jpg', 'stimuli/images/Electron/electron_4.jpg', 'stimuli/images/Electron/electron_5.jpg', 'stimuli/images/Electron/electron_6.jpg']","['The electron moves in a wave. ', 'An electron is a miniscule particle.', 'An electron affects the equilibrium of a substance. ', 'The wavelength of an electron can be calculated. ', ""Calculating the mass of an electron uses Planck's constant. "", 'The movement of an electron is often discussed in thermal chemistry.  ']"
62,elegance,2.18,"['stimuli/images/Elegance/elegance_1.jpg', 'stimuli/images/Elegance/elegance_2.jpg', 'stimuli/images/Elegance/elegance_3.jpg', 'stimuli/images/Elegance/elegance_4.jpg', 'stimuli/images/Elegance/elegance_5.jpg', 'stimuli/images/Elegance/elegance_6.jpg']","['Her elegance exuded unexpected warmth. ', 'The formality of the event added to its elegance.', 'The grandeur of the home screamed elegance. ', ""The simplicity of the garden's elegance was incomparable."", 'The combination of sensuality and elegance is hard to match. ', 'The inherent elegance of the palace overwhelmed her. ']"
63,emotion,2.44,"['stimuli/images/Emotion/emotion_1.jpg', 'stimuli/images/Emotion/emotion_2.jpg', 'stimuli/images/Emotion/emotion_3.jpg', 'stimuli/images/Emotion/emotion_4.jpg', 'stimuli/images/Emotion/emotion_5.jpg', 'stimuli/images/Emotion/emotion_6.jpg']","['His shame was his least controlled emotion.', 'Sorrow was his dominating emotion nowadays. ', 'The emotion that took over her after the meeting was indignation. ', ""Betrayal isn't an emotion, though it may trigger one or many. "", 'Her disapproval resulted in an emotion she later identified as embarrassment.  ', 'Her desire to feel a more positive emotion was overwhelming. ']"
64,emotionally,1.72,"['stimuli/images/Emotionally/emotionally_1.jpg', 'stimuli/images/Emotionally/emotionally_2.jpg', 'stimuli/images/Emotionally/emotionally_3.jpg', 'stimuli/images/Emotionally/emotionally_4.jpg', 'stimuli/images/Emotionally/emotionally_5.jpg', 'stimuli/images/Emotionally/emotionally_6.jpg']","['He felt emotionally and mentally secure.', 'Morally and emotionally the decision was difficult. ', ""Objectively speaking, he didn't get her emotionally. "", 'An unsound judgment left her emotionally wrecked. ', 'The family solidly pumped him up emotionally. ', 'While he was successful academically, he was underdeveloped emotionally. ']"
65,engine,4.86,"['stimuli/images/Engine/engine_1.jpg', 'stimuli/images/Engine/engine_2.jpg', 'stimuli/images/Engine/engine_3.jpg', 'stimuli/images/Engine/engine_4.jpg', 'stimuli/images/Engine/engine_5.jpg', 'stimuli/images/Engine/engine_6.jpg']","['The engine is in the front of the car. ', 'The spare tire is up by the engine.', 'A hybrid car has a different kind of engine.', ""The jeep's engine gave out at the traffic light."", 'Engine is another word for motor. ', 'This car has its engine in the trunk. ']"
66,event,2.69,"['stimuli/images/Event/event_1.jpg', 'stimuli/images/Event/event_2.jpg', 'stimuli/images/Event/event_3.jpg', 'stimuli/images/Event/event_4.jpg', 'stimuli/images/Event/event_5.jpg', 'stimuli/images/Event/event_6.jpg']","['Everyone was so happy at the event.', 'The event was a celebration of his life and work.', 'The tenth reunion was a spectacular event.', 'The housewarming event was heavily attended.', 'The impromptu nature of the event made it special.', 'The luncheon was a monthly event hosted by the headmaster. ']"
67,experiment,3.38,"['stimuli/images/Experiment/experiment_1.jpg', 'stimuli/images/Experiment/experiment_2.jpg', 'stimuli/images/Experiment/experiment_3.jpg', 'stimuli/images/Experiment/experiment_4.jpg', 'stimuli/images/Experiment/experiment_5.jpg', 'stimuli/images/Experiment/experiment_6.jpg']","['This psychology experiment aimed to study human behavior.', 'The experiment had a condition that turned out to be diagnostic of psychosis. ', 'The experiment was measuring blood pressure under different conditions.', 'Debriefing participants about the experiment is important. ', 'A recent physics experiment led to an important observation.', ""Initial expectations didn't match up with the results of the experiment.""]"
68,extremely,1.84,"['stimuli/images/Extremely/extremely_1.jpg', 'stimuli/images/Extremely/extremely_2.jpg', 'stimuli/images/Extremely/extremely_3.jpg', 'stimuli/images/Extremely/extremely_4.jpg', 'stimuli/images/Extremely/extremely_5.jpg', 'stimuli/images/Extremely/extremely_6.jpg']","['She is extremely powerful in the workroom. ', 'She is impossibly kind, and extremely goal-driven. ', 'She is extremely and intensely motivated. ', 'Infinitely grateful, he accepted the award for his extremely well-written proposal.', 'Exceptionally gifted and extremely humble, Steve was easy to envy. ', 'Unarguably the best student in the class, Sarah remained extremely competitive. ']"
69,feeling,1.68,"['stimuli/images/Feeling/feeling_1.jpg', 'stimuli/images/Feeling/feeling_2.jpg', 'stimuli/images/Feeling/feeling_3.jpg', 'stimuli/images/Feeling/feeling_4.jpg', 'stimuli/images/Feeling/feeling_5.jpg', 'stimuli/images/Feeling/feeling_6.jpg']","['She was feeling a bit afraid in light of finals coming up.', 'While he was worried, she was feeling fine.', 'The baby was feeling fussy all day.', 'The cat was feeling grumpy and scratched the chair.', 'His temperamental mood swings had her feeling sad.', 'She was feeling weary of his skittish behavior.']"
70,fight,4.2,"['stimuli/images/Fight/fight_1.jpg', 'stimuli/images/Fight/fight_2.jpg', 'stimuli/images/Fight/fight_3.jpg', 'stimuli/images/Fight/fight_4.jpg', 'stimuli/images/Fight/fight_5.jpg', 'stimuli/images/Fight/fight_6.jpg']","['The first swing of the sword began the fight.', 'The beast started the fight. ', 'The goblin fled from the fight.', 'The gladiator did not want to fight. ', 'The bloodline was worth the fight.', 'The warlock put up a good fight. ']"
71,fish,5.0,"['stimuli/images/Fish/fish_1.jpg', 'stimuli/images/Fish/fish_2.jpg', 'stimuli/images/Fish/fish_3.jpg', 'stimuli/images/Fish/fish_4.jpg', 'stimuli/images/Fish/fish_5.jpg', 'stimuli/images/Fish/fish_6.jpg']","['He wanted to see the fish in the ocean.', 'His plan to find fish like shark in saltwater was just silly.', 'After catching a carp, he wanted more fish.', 'The gator eats fish like trout. ', ""The divers weren't there for the fish. "", 'Some love the water to surf, some like the fish. ']"
72,flow,3.72,"['stimuli/images/Flow/flow_1.jpg', 'stimuli/images/Flow/flow_2.jpg', 'stimuli/images/Flow/flow_3.jpg', 'stimuli/images/Flow/flow_4.jpg', 'stimuli/images/Flow/flow_5.jpg', 'stimuli/images/Flow/flow_6.jpg']","['Hot air would flow out from the heater. ', 'The minimal water flow reminded him to pay his rent.', 'The leak disrupted the flow. ', 'The spout has a shape that inhibits flow.', 'A liter of water will flow out of the canister.', 'The turbine relies on a steady flow. ']"
73,food,4.8,"['stimuli/images/Food/food_1.jpg', 'stimuli/images/Food/food_2.jpg', 'stimuli/images/Food/food_3.jpg', 'stimuli/images/Food/food_4.jpg', 'stimuli/images/Food/food_5.jpg', 'stimuli/images/Food/food_6.jpg']","['She eats junk food on the weekends.', 'He felt fat after eating that much food.', 'The cat food today consisted of kibble.', 'She tries to get a lot of nutritional value out of her food.', 'He was devouring his food as she spoke.', 'Finding suitable food at the steakhouse is hard for a vegetarian. ']"
74,garbage,4.69,"['stimuli/images/Garbage/garbage_1.jpg', 'stimuli/images/Garbage/garbage_2.jpg', 'stimuli/images/Garbage/garbage_3.jpg', 'stimuli/images/Garbage/garbage_4.jpg', 'stimuli/images/Garbage/garbage_5.jpg', 'stimuli/images/Garbage/garbage_6.jpg']","['The dumpster was full of garbage.', 'He threw the rotten apple into the garbage.', 'Trash is another word for garbage.', 'The garbage began to reek in the sun.', 'The landfill is brimming with garbage.', 'The sewer bubbled over into the garbage.']"
75,gold,4.81,"['stimuli/images/Gold/gold_1.jpg', 'stimuli/images/Gold/gold_2.jpg', 'stimuli/images/Gold/gold_3.jpg', 'stimuli/images/Gold/gold_4.jpg', 'stimuli/images/Gold/gold_5.jpg', 'stimuli/images/Gold/gold_6.jpg']","[""I've always wanted a gold watch for my thirtieth birthday."", 'The yellow gold shone brightly against her skin.', 'He chose the gold ring after careful deliberation.', 'The horseshoe had gold accents wrapped around it.', ""He couldn't take his eyes off of the glittering gold."", 'The paperweight was made of gold. ']"
76,great,1.81,"['stimuli/images/Great/great_1.jpg', 'stimuli/images/Great/great_2.jpg', 'stimuli/images/Great/great_3.jpg', 'stimuli/images/Great/great_4.jpg', 'stimuli/images/Great/great_5.jpg', 'stimuli/images/Great/great_6.jpg']","['The experience was irresistible in how great it was. ', 'If the first choice was great, the second was absolutely terrific.', 'The great waiter made sure the guests had a lovely time.', 'The spectacular view was what made the room so great.', 'The food was great and the service exceptional.', 'It is amazing how great she is at getting what she wants. ']"
77,gun,4.83,"['stimuli/images/Gun/gun_1.jpg', 'stimuli/images/Gun/gun_2.jpg', 'stimuli/images/Gun/gun_3.jpg', 'stimuli/images/Gun/gun_4.jpg', 'stimuli/images/Gun/gun_5.jpg', 'stimuli/images/Gun/gun_6.jpg']","['A gun is a kind of weapon.', 'Firing a gun can kill someone.', 'The gun had one bullet left.', 'The shooter threw away his gun.', 'He aimed the gun at the target. ', 'The blast from the gun was loud. ']"
78,hair,4.97,"['stimuli/images/Hair/hair_1.jpg', 'stimuli/images/Hair/hair_2.jpg', 'stimuli/images/Hair/hair_3.jpg', 'stimuli/images/Hair/hair_4.jpg', 'stimuli/images/Hair/hair_5.jpg', 'stimuli/images/Hair/hair_6.jpg']","['His blond hair looked very attractive against a dark blue shirt. ', 'His moustache is a different color from the hair on his head.', 'Her hair is droopy in the heat.', ""The model's hair was voluminous. "", 'He lost most of his hair when he tried to straighten it. ', ""The cat's whiskers felt like human hair to the touch. ""]"
79,help,2.56,"['stimuli/images/Help/help_1.jpg', 'stimuli/images/Help/help_2.jpg', 'stimuli/images/Help/help_3.jpg', 'stimuli/images/Help/help_4.jpg', 'stimuli/images/Help/help_5.jpg', 'stimuli/images/Help/help_6.jpg']","['Someone had to help her to replace the engine. ', ""You can't recover alone, you need a doctor to help you. "", 'Stimulate the area to help it wake up. ', 'Please clarify how I can help. ', ""You won't stabilize unless you let him help you."", 'Reinforce the idea that letting people help you is a sign of strength.']"
80,hurting,3.03,"['stimuli/images/Hurting/hurting_1.jpg', 'stimuli/images/Hurting/hurting_2.jpg', 'stimuli/images/Hurting/hurting_3.jpg', 'stimuli/images/Hurting/hurting_4.jpg', 'stimuli/images/Hurting/hurting_5.jpg', 'stimuli/images/Hurting/hurting_6.jpg']","['Her nose was hurting after the fall on the concrete.', 'His tooth was hurting after baseball practice.', 'Hurting her hip was the worst thing that could happen.', ""The child's bony bottom was hurting the mother's lap."", 'The prosthetic arm was hurting her where it attached. ', 'After giving birth, her pelvis was hurting tremendously. ']"
81,ignorance,1.6,"['stimuli/images/Ignorance/ignorance_1.jpg', 'stimuli/images/Ignorance/ignorance_2.jpg', 'stimuli/images/Ignorance/ignorance_3.jpg', 'stimuli/images/Ignorance/ignorance_4.jpg', 'stimuli/images/Ignorance/ignorance_5.jpg', 'stimuli/images/Ignorance/ignorance_6.jpg']","['That is an example of his misunderstanding rather than his ignorance. ', 'His arrogance is striking given the level of his ignorance.', 'Their ignorance stems from their nighttime debauchery. ', 'His complete ignorance explains his inefficiency. ', 'Cut the tomfoolery and work on changing ignorance. ', ""I can't tell if it is your cockiness or ignorance that bothers me most. ""]"
82,illness,3.54,"['stimuli/images/Illness/illness_1.jpg', 'stimuli/images/Illness/illness_2.jpg', 'stimuli/images/Illness/illness_3.jpg', 'stimuli/images/Illness/illness_4.jpg', 'stimuli/images/Illness/illness_5.jpg', 'stimuli/images/Illness/illness_6.jpg']","['The illness spread quickly across the local community. ', 'His illness turned out to be the flu.', ""The penicillin didn't seem to cure her illness."", 'She contracted a stomach illness from the local food.', 'Typhoid was an illness that affected many people back in the day.', ""Luckily, he wasn't susceptible to the illness. ""]"
83,impress,2.07,"['stimuli/images/Impress/impress_1.jpg', 'stimuli/images/Impress/impress_2.jpg', 'stimuli/images/Impress/impress_3.jpg', 'stimuli/images/Impress/impress_4.jpg', 'stimuli/images/Impress/impress_5.jpg', 'stimuli/images/Impress/impress_6.jpg']","['It is easy to impress the unsuspecting countess. ', ""Don't terrify her but impress her. "", 'Misdirect the attention onto you to really impress him. ', 'In order to impress him, titillate his interests. ', 'Try more than to impress him, astonish him!', 'Tonight, you will mesmerize and impress your audience.  ']"
84,invention,3.48,"['stimuli/images/Invention/invention_1.jpg', 'stimuli/images/Invention/invention_2.jpg', 'stimuli/images/Invention/invention_3.jpg', 'stimuli/images/Invention/invention_4.jpg', 'stimuli/images/Invention/invention_5.jpg', 'stimuli/images/Invention/invention_6.jpg']","[""The invention could comprise the company's future."", 'The invention of the drink involved an unexpected element.', 'The semiconductor was a crucial component of the invention.', 'The invention rotated upon the push of a button.', 'The invention was shown schematically on a large piece of paper.', 'The new invention involved a reflective material overlying the glass material.']"
85,investigation,2.52,"['stimuli/images/Investigation/investigation_1.jpg', 'stimuli/images/Investigation/investigation_2.jpg', 'stimuli/images/Investigation/investigation_3.jpg', 'stimuli/images/Investigation/investigation_4.jpg', 'stimuli/images/Investigation/investigation_5.jpg', 'stimuli/images/Investigation/investigation_6.jpg']","['The criminal was under investigation again.', ""An investigation doesn't necessarily produce a charge."", 'Suspicion spurred the officer to continue the investigation.', 'The investigation was unlawful.', 'The burglary did not lead to an investigation.', 'The investigation uncovered a scandal.']"
86,invisible,2.83,"['stimuli/images/Invisible/invisible_1.jpg', 'stimuli/images/Invisible/invisible_2.jpg', 'stimuli/images/Invisible/invisible_3.jpg', 'stimuli/images/Invisible/invisible_4.jpg', 'stimuli/images/Invisible/invisible_5.jpg', 'stimuli/images/Invisible/invisible_6.jpg']","['The ghost was invisible.', 'The girl felt insignificant, like she was invisible.', 'The spider web is almost invisible to the naked eye.', 'The wind is invisible and odorless.', 'It was inexplicable how the boy had become invisible. ', 'She was virtually invisible in the dark. ']"
87,job,3.19,"['stimuli/images/Job/job_1.jpg', 'stimuli/images/Job/job_2.jpg', 'stimuli/images/Job/job_3.jpg', 'stimuli/images/Job/job_4.jpg', 'stimuli/images/Job/job_5.jpg', 'stimuli/images/Job/job_6.jpg']","['For her job she works as a cashier.', 'As a coordinator, it is her job to organize the event.', 'Recruitment season is the perfect time to get a job.', 'The job position recently closed. ', 'The manager wanted to give up his job soon after he got it. ', 'The first month on the job is under supervision. ']"
88,jungle,4.66,"['stimuli/images/Jungle/jungle_1.jpg', 'stimuli/images/Jungle/jungle_2.jpg', 'stimuli/images/Jungle/jungle_3.jpg', 'stimuli/images/Jungle/jungle_4.jpg', 'stimuli/images/Jungle/jungle_5.jpg', 'stimuli/images/Jungle/jungle_6.jpg']","['The monkey lives in the jungle.', 'The jungle appears giant from every angle.', 'Ferocious animals abound in the jungle.', 'The gazelle grazed at the outskirts of the jungle.', 'The lion does not live in the jungle. ', 'A new species of frog were recently discovered in the jungle. ']"
89,kindness,1.74,"['stimuli/images/Kindness/kindness_1.jpg', 'stimuli/images/Kindness/kindness_2.jpg', 'stimuli/images/Kindness/kindness_3.jpg', 'stimuli/images/Kindness/kindness_4.jpg', 'stimuli/images/Kindness/kindness_5.jpg', 'stimuli/images/Kindness/kindness_6.jpg']","['He had respect for her kindness.', 'Kindness and loyalty are two things you need in a partner.', 'His manliness and kindness made him irresistible.', 'Her meekness outweighed her kindness.', 'The direct nature of his kindness was gentlemanly. ', 'Piety and kindness were practiced at school. ']"
90,king,4.1,"['stimuli/images/King/king_1.jpg', 'stimuli/images/King/king_2.jpg', 'stimuli/images/King/king_3.jpg', 'stimuli/images/King/king_4.jpg', 'stimuli/images/King/king_5.jpg', 'stimuli/images/King/king_6.jpg']","['The king is the head of the royal family. ', 'The king was wealthy beyond belief. ', 'This king does not wear a crown.', 'A king and an emperor had similar roles. ', 'The king is a ruler of his land. ', 'The king is not a dictator. ']"
91,lady,4.33,"['stimuli/images/Lady/lady_1.jpg', 'stimuli/images/Lady/lady_2.jpg', 'stimuli/images/Lady/lady_3.jpg', 'stimuli/images/Lady/lady_4.jpg', 'stimuli/images/Lady/lady_5.jpg', 'stimuli/images/Lady/lady_6.jpg']","['The queen was a classy lady.', 'The princess was a young lady and newly married.', 'The weird lady needed a serious makeover. ', 'The debutante was presented as a lady.', 'The lady has a keen suitor. ', 'The darling of the society was a lady from New York. ']"
92,land,4.57,"['stimuli/images/Land/land_1.jpg', 'stimuli/images/Land/land_2.jpg', 'stimuli/images/Land/land_3.jpg', 'stimuli/images/Land/land_4.jpg', 'stimuli/images/Land/land_5.jpg', 'stimuli/images/Land/land_6.jpg']","['This piece of land borders two countries. ', 'The island is mostly made up of uninhabitable land.', 'A fence marks the border of his land.  ', 'This land is his refuge.', 'In a faraway land, people live very differently. ', ""A swamp shouldn't be classified as land. ""]"
93,laugh,4.21,"['stimuli/images/Laugh/laugh_1.jpg', 'stimuli/images/Laugh/laugh_2.jpg', 'stimuli/images/Laugh/laugh_3.jpg', 'stimuli/images/Laugh/laugh_4.jpg', 'stimuli/images/Laugh/laugh_5.jpg', 'stimuli/images/Laugh/laugh_6.jpg']","['She tried not to laugh and had to gasp. ', 'At comedy clubs people tend to laugh and clap at the same time.', 'When I laugh I sometimes sneeze.', ""Her giggle was the hardest I've ever seen her laugh. "", 'She tends to sigh whenever I laugh.', 'He spit out his water when he had to laugh. ']"
94,law,2.57,"['stimuli/images/Law/law_1.jpg', 'stimuli/images/Law/law_2.jpg', 'stimuli/images/Law/law_3.jpg', 'stimuli/images/Law/law_4.jpg', 'stimuli/images/Law/law_5.jpg', 'stimuli/images/Law/law_6.jpg']","['The law would act to her benefit. ', 'He will enforce the law if she breaks it. ', 'The applicability of the law is murky in this situation.', 'House arrest is a restriction that the law places on particular criminals. ', ""A new law doesn't work retroactively. "", 'All I want is to overturn that law. ']"
95,left,3.7,"['stimuli/images/Left/left_1.jpg', 'stimuli/images/Left/left_2.jpg', 'stimuli/images/Left/left_3.jpg', 'stimuli/images/Left/left_4.jpg', 'stimuli/images/Left/left_5.jpg', 'stimuli/images/Left/left_6.jpg']","['His remains were left on the battlefield. ', 'The child was thankfully left unharmed.', 'The unmarked turkey was left over from November. ', 'She was left undecided after hearing him out.', 'He walked to the left of the room, feeling unnoticed. ', 'His question was left unanswered. ']"
96,level,2.86,"['stimuli/images/Level/level_1.jpg', 'stimuli/images/Level/level_2.jpg', 'stimuli/images/Level/level_3.jpg', 'stimuli/images/Level/level_4.jpg', 'stimuli/images/Level/level_5.jpg', 'stimuli/images/Level/level_6.jpg']","['I measured his level of consciousness just now.', 'Your salary should reflect your level of performance. ', 'The threshold level is almost impossible to beat. ', 'The level of unemployment has risen in the last year. ', 'Step it up a level to increase the quota.', 'He performs at a greater level than his coworkers. ']"
97,liar,3.43,"['stimuli/images/Liar/liar_1.jpg', 'stimuli/images/Liar/liar_2.jpg', 'stimuli/images/Liar/liar_3.jpg', 'stimuli/images/Liar/liar_4.jpg', 'stimuli/images/Liar/liar_5.jpg', 'stimuli/images/Liar/liar_6.jpg']","[""While he is a troublemaker, he isn't a liar.  "", 'The cheater had always been a major liar. ', 'She is a pessimist and a liar. ', 'The liar became an imposter when discovered. ', 'The fast talker spoke fast because she was a nervous liar. ', 'The faker became a full-blown liar. ']"
98,light,4.21,"['stimuli/images/Light/light_1.jpg', 'stimuli/images/Light/light_2.jpg', 'stimuli/images/Light/light_3.jpg', 'stimuli/images/Light/light_4.jpg', 'stimuli/images/Light/light_5.jpg', 'stimuli/images/Light/light_6.jpg']","['The morning light was clear today.', 'The light from the window made her eyes hurt.', ""There isn't much light during dusk."", 'He had to squint in the brightness of the light.', 'The storm clouds were clouding the light.', 'The light reflected off of the window.  ']"
99,magic,2.9,"['stimuli/images/Magic/magic_1.jpg', 'stimuli/images/Magic/magic_2.jpg', 'stimuli/images/Magic/magic_3.jpg', 'stimuli/images/Magic/magic_4.jpg', 'stimuli/images/Magic/magic_5.jpg', 'stimuli/images/Magic/magic_6.jpg']","['The spell proved magic exists. ', ""He doesn't believe in magic or witchcraft."", 'The psychic performed magic tricks. ', 'Tarot cards are make-believe magic.', 'The mythical story made magic seem real. ', 'The magician cast his magic on her. ']"
100,marriage,2.51,"['stimuli/images/Marriage/marriage_1.jpg', 'stimuli/images/Marriage/marriage_2.jpg', 'stimuli/images/Marriage/marriage_3.jpg', 'stimuli/images/Marriage/marriage_4.jpg', 'stimuli/images/Marriage/marriage_5.jpg', 'stimuli/images/Marriage/marriage_6.jpg']","['She was pregnant at the time of her marriage.', 'Dating and marriage are not the same thing.', 'Some girls start fantasizing about marriage after puberty.', 'She wanted to talk about marriage, he wanted a breakup.', 'The newlywed groom could talk about marriage for hours.', 'Marriage advice is probably a good thing to get. ']"
101,material,4.26,"['stimuli/images/Material/material_1.jpg', 'stimuli/images/Material/material_2.jpg', 'stimuli/images/Material/material_3.jpg', 'stimuli/images/Material/material_4.jpg', 'stimuli/images/Material/material_5.jpg', 'stimuli/images/Material/material_6.jpg']","['That material is hard to rip.', 'Covering the statue with this material is harder than it looks.', 'Silicone is a bendy kind of material.', 'The material has an adhesive side. ', 'The material will cling to your hair. ', 'Scientists keep working on creating an unbreakable material. ']"
102,mathematical,2.52,"['stimuli/images/Mathematical/mathematical_1.jpg', 'stimuli/images/Mathematical/mathematical_2.jpg', 'stimuli/images/Mathematical/mathematical_3.jpg', 'stimuli/images/Mathematical/mathematical_4.jpg', 'stimuli/images/Mathematical/mathematical_5.jpg', 'stimuli/images/Mathematical/mathematical_6.jpg']","['A random mathematical expression means nothing to me.', 'Calculus is the mathematical study of change.', 'The mathematical simulation made the point clearly.', 'The mathematical classification of the required course worried him. ', 'Mathematical formulas involve arbitrary variables. ', 'The article made some generalizations based on solid mathematical grounds. ']"
103,mechanism,3.67,"['stimuli/images/Mechanism/mechanism_1.jpg', 'stimuli/images/Mechanism/mechanism_2.jpg', 'stimuli/images/Mechanism/mechanism_3.jpg', 'stimuli/images/Mechanism/mechanism_4.jpg', 'stimuli/images/Mechanism/mechanism_5.jpg', 'stimuli/images/Mechanism/mechanism_6.jpg']","['Pulling the wire triggered an invisible mechanism.', 'The latch was part of a bigger mechanism.', 'The mechanism had a handle that could be used to start it.', 'The man was proud of his patented mechanism. ', 'The footrest could be extended by a specially designed mechanism. ', 'He was able to fix the mechanism in no time.']"
104,medication,4.53,"['stimuli/images/Medication/medication_1.jpg', 'stimuli/images/Medication/medication_2.jpg', 'stimuli/images/Medication/medication_3.jpg', 'stimuli/images/Medication/medication_4.jpg', 'stimuli/images/Medication/medication_5.jpg', 'stimuli/images/Medication/medication_6.jpg']","['Taking the medications has strange effects on her body.', 'The combination of the medication and no sleep was not good. ', 'The medication was an antidote for his allergy. ', 'The formulation of the medication was updated recently. ', ""She couldn't get a new prescription so she took her old medication instead. "", 'This medication proved to be essential to his well-being.  ']"
105,money,4.54,"['stimuli/images/Money/money_1.jpg', 'stimuli/images/Money/money_2.jpg', 'stimuli/images/Money/money_3.jpg', 'stimuli/images/Money/money_4.jpg', 'stimuli/images/Money/money_5.jpg', 'stimuli/images/Money/money_6.jpg']","['I will pay you money for this. ', 'A good retirement requires having saved a lot of money.', 'His paycheck means more money for the kids. ', 'She wants to borrow some of his money. ', 'Earn some money first before you take mine. ', 'I need to withdraw some money before we go out. ']"
106,mountain,4.96,"['stimuli/images/Mountain/mountain_1.jpg', 'stimuli/images/Mountain/mountain_2.jpg', 'stimuli/images/Mountain/mountain_3.jpg', 'stimuli/images/Mountain/mountain_4.jpg', 'stimuli/images/Mountain/mountain_5.jpg', 'stimuli/images/Mountain/mountain_6.jpg']","['The trail went all the way up the mountain.', 'I wanted to ski down the mountain faster.', 'The glacier was at the top of the mountain.', 'A snowboarder got stuck on the mountain.', 'The mountain had a beautiful summit.', 'The mountain has a steep slope. ']"
107,movement,3.63,"['stimuli/images/Movement/movement_1.jpg', 'stimuli/images/Movement/movement_2.jpg', 'stimuli/images/Movement/movement_3.jpg', 'stimuli/images/Movement/movement_4.jpg', 'stimuli/images/Movement/movement_5.jpg', 'stimuli/images/Movement/movement_6.jpg']","['The movement was revolutionary. ', 'This is a movement against communism. ', 'The movement was oppressive. ', 'While based on utopian ideals, the movement was important. ', 'The mindset of many in the movement was scary. ', 'Many radical people took part in the movement. ']"
108,movie,4.59,"['stimuli/images/Movie/movie_1.jpg', 'stimuli/images/Movie/movie_2.jpg', 'stimuli/images/Movie/movie_3.jpg', 'stimuli/images/Movie/movie_4.jpg', 'stimuli/images/Movie/movie_5.jpg', 'stimuli/images/Movie/movie_6.jpg']","['Part of the story is left out in the movie. ', 'The character does not develop in this movie. ', 'The movie premiere had a red carpet.', 'This movie has one adventure after the other. ', 'He has to unlock the T.V. to watch the movie. ', ""A movie doesn't have episodes, it has sequels. ""]"
109,music,4.31,"['stimuli/images/Music/music_1.jpg', 'stimuli/images/Music/music_2.jpg', 'stimuli/images/Music/music_3.jpg', 'stimuli/images/Music/music_4.jpg', 'stimuli/images/Music/music_5.jpg', 'stimuli/images/Music/music_6.jpg']","['His song was an example of her favorite kind of music.', 'The orchestra played beautiful music last night.', ""I can't improvise music, unfortunately. "", 'The performer forgot his sheet music. ', 'Karaoke is not the place to hear good music. ', 'Elevator music is usually instrumental. ']"
110,nation,3.62,"['stimuli/images/Nation/nation_1.jpg', 'stimuli/images/Nation/nation_2.jpg', 'stimuli/images/Nation/nation_3.jpg', 'stimuli/images/Nation/nation_4.jpg', 'stimuli/images/Nation/nation_5.jpg', 'stimuli/images/Nation/nation_6.jpg']","['The revolution restructured the nation.', 'Over a period of mere years, colonialism shaped the nation.', 'Impoverishment left the nation crumbling. ', 'Migration changed the population of the nation substantially. ', 'Globalization impacts some nations much more than others. ', 'A small nation initiated the war, which began with an invasion of nearby territories. ']"
111,news,3.41,"['stimuli/images/News/news_1.jpg', 'stimuli/images/News/news_2.jpg', 'stimuli/images/News/news_3.jpg', 'stimuli/images/News/news_4.jpg', 'stimuli/images/News/news_5.jpg', 'stimuli/images/News/news_6.jpg']","['The report presented the news in lay language.', 'She took a peek at the news before work.', 'The forum argued about the news. ', 'The archives contain all news since the 1950s. ', 'The newsroom is where the news is broadcasted. ', 'I learned a lot of gossip on the news today. ']"
112,noise,3.52,"['stimuli/images/Noise/noise_1.jpg', 'stimuli/images/Noise/noise_2.jpg', 'stimuli/images/Noise/noise_3.jpg', 'stimuli/images/Noise/noise_4.jpg', 'stimuli/images/Noise/noise_5.jpg', 'stimuli/images/Noise/noise_6.jpg']","['I could hear some noise last night.', 'The noise he heard was of her crying.', ""The children's whispering made some noise. "", 'The rumble was the scariest noise she had ever heard.', 'She suppressed her squeal to not make any noise.', 'The noise was a low-pitched growl. ']"
113,obligation,2.04,"['stimuli/images/Obligation/obligation_1.jpg', 'stimuli/images/Obligation/obligation_2.jpg', 'stimuli/images/Obligation/obligation_3.jpg', 'stimuli/images/Obligation/obligation_4.jpg', 'stimuli/images/Obligation/obligation_5.jpg', 'stimuli/images/Obligation/obligation_6.jpg']","['Her obligation made her liable.', 'While reserved, he owned up to his obligation eventually.', 'The contract outlined their obligation as guardians. ', 'The obligation was harmless.', 'The stockholder has an obligation to keep his word. ', 'His boss refused to disclose the exact details of the obligation. ']"
114,pain,3.5,"['stimuli/images/Pain/pain_1.jpg', 'stimuli/images/Pain/pain_2.jpg', 'stimuli/images/Pain/pain_3.jpg', 'stimuli/images/Pain/pain_4.jpg', 'stimuli/images/Pain/pain_5.jpg', 'stimuli/images/Pain/pain_6.jpg']","['She could get no relief from the pain.', 'What began as a simple irritation was now intense pain.', 'Her migraine caused her pain.', ""Unless caused by impact, a nosebleed doesn't usually cause pain. "", 'She had some bruising but felt no pain. ', 'The pain from the stomachache was unbearable. ']"
115,personality,2.08,"['stimuli/images/Personality/personality_1.jpg', 'stimuli/images/Personality/personality_2.jpg', 'stimuli/images/Personality/personality_3.jpg', 'stimuli/images/Personality/personality_4.jpg', 'stimuli/images/Personality/personality_5.jpg', 'stimuli/images/Personality/personality_6.jpg']","['His personality was greatly affected by his physical decline.', 'His compulsive personality is one reason why he is so neat.', 'Her subconscious impacted her personality in many ways.', 'His borderline personality disorder was recently diagnosed. ', 'His personality brought down her mood. ', 'That trait is a big part of her overt personality. ']"
116,philosophy,2.14,"['stimuli/images/Philosophy/philosophy_1.jpg', 'stimuli/images/Philosophy/philosophy_2.jpg', 'stimuli/images/Philosophy/philosophy_3.jpg', 'stimuli/images/Philosophy/philosophy_4.jpg', 'stimuli/images/Philosophy/philosophy_5.jpg', 'stimuli/images/Philosophy/philosophy_6.jpg']","['Philosophy provides a window to many perspectives on the same idea.', 'Philosophy opens up the topic of existentialism. ', 'Spirituality and philosophy are not the same thing.', 'The paradigm brought up in philosophy class confused her. ', 'Materialism is a point of discussion in philosophy. ', 'She loved philosophy and remained agnostic. ']"
117,picture,4.52,"['stimuli/images/Picture/picture_1.jpg', 'stimuli/images/Picture/picture_2.jpg', 'stimuli/images/Picture/picture_3.jpg', 'stimuli/images/Picture/picture_4.jpg', 'stimuli/images/Picture/picture_5.jpg', 'stimuli/images/Picture/picture_6.jpg']","['The picture was sketched on paper.', 'He will scribble a picture for you.', 'Printing a picture is easier than it seems.', 'Draw the picture in ink.', 'Picture is another word for a photograph. ', 'The letter contained a picture. ']"
118,pig,5.0,"['stimuli/images/Pig/pig_1.jpg', 'stimuli/images/Pig/pig_2.jpg', 'stimuli/images/Pig/pig_3.jpg', 'stimuli/images/Pig/pig_4.jpg', 'stimuli/images/Pig/pig_5.jpg', 'stimuli/images/Pig/pig_6.jpg']","['The pig and the cattle do not get along well.', 'The horse shared its food with the pig.', 'The whinny frightened the pig. ', 'The pig got stuck in the lasso. ', 'The pig was sprawled in the hay.', 'The bigger pig was a stud. ']"
119,plan,3.4,"['stimuli/images/Plan/plan_1.jpg', 'stimuli/images/Plan/plan_2.jpg', 'stimuli/images/Plan/plan_3.jpg', 'stimuli/images/Plan/plan_4.jpg', 'stimuli/images/Plan/plan_5.jpg', 'stimuli/images/Plan/plan_6.jpg']","['The first step of the plan has been completed. ', 'The plan resulted in a total transformation. ', 'The execution of the plan was preemptive. ', 'The expulsion led to a change of plan. ', 'The plan was a demonstration of her goodwill.', 'Following the plan is essential for success. ']"
120,plant,4.76,"['stimuli/images/Plant/plant_1.jpg', 'stimuli/images/Plant/plant_2.jpg', 'stimuli/images/Plant/plant_3.jpg', 'stimuli/images/Plant/plant_4.jpg', 'stimuli/images/Plant/plant_5.jpg', 'stimuli/images/Plant/plant_6.jpg']","['The plant was growing rapidly by springtime.', 'The artificial plant looked almost real. ', 'The leafy plant looked better indoors.', 'The windowsill had acquired a new plant. ', 'The garden could use a new plant and some fertilizer. ', 'He watered the plant after the third reminder. ']"
121,play,3.24,"['stimuli/images/Play/play_1.jpg', 'stimuli/images/Play/play_2.jpg', 'stimuli/images/Play/play_3.jpg', 'stimuli/images/Play/play_4.jpg', 'stimuli/images/Play/play_5.jpg', 'stimuli/images/Play/play_6.jpg']","['He wanted to play the game, too.', 'If you know how to play softball, you can play too.', 'His business meetings require him to play golf. ', 'Play volleyball more often to get good legs. ', 'Sparring is his way to play with you. ', 'The competition forces you to play well. ']"
122,pleasure,2.04,"['stimuli/images/Pleasure/pleasure_1.jpg', 'stimuli/images/Pleasure/pleasure_2.jpg', 'stimuli/images/Pleasure/pleasure_3.jpg', 'stimuli/images/Pleasure/pleasure_4.jpg', 'stimuli/images/Pleasure/pleasure_5.jpg', 'stimuli/images/Pleasure/pleasure_6.jpg']","['Humans can derive a lot of pleasure from sex.', 'Masturbation gives people pleasure on their own. ', 'Forced pleasure is an oxymoron. ', 'She would lie awake and fantasize about the pleasure of his touches. ', 'He was gay and gained pleasure from watching the men on the walkway. ', 'Sexual pleasure is a taboo topic in some cultures. ']"
123,poor,2.7,"['stimuli/images/Poor/poor_1.jpg', 'stimuli/images/Poor/poor_2.jpg', 'stimuli/images/Poor/poor_3.jpg', 'stimuli/images/Poor/poor_4.jpg', 'stimuli/images/Poor/poor_5.jpg', 'stimuli/images/Poor/poor_6.jpg']","['The young people in the building were poor.', 'The poor man felt powerless.', 'The poor orphan wished for his parents.', 'The poor woman was tormented by her faults.', 'The poor girl became dependent on her family again. ', 'The unlucky man quickly became poor. ']"
124,prison,4.68,"['stimuli/images/Prison/prison_1.jpg', 'stimuli/images/Prison/prison_2.jpg', 'stimuli/images/Prison/prison_3.jpg', 'stimuli/images/Prison/prison_4.jpg', 'stimuli/images/Prison/prison_5.jpg', 'stimuli/images/Prison/prison_6.jpg']","['Another word for jail is prison.', 'He got out of prison early on parole.', 'He was no longer a juvenile and was sent to prison.', ""She got probation and didn't have to go to prison."", 'Sobriety is enforced in the prison. ', 'The interrogation took place in prison.']"
125,professional,2.14,"['stimuli/images/Professional/professional_1.jpg', 'stimuli/images/Professional/professional_2.jpg', 'stimuli/images/Professional/professional_3.jpg', 'stimuli/images/Professional/professional_4.jpg', 'stimuli/images/Professional/professional_5.jpg', 'stimuli/images/Professional/professional_6.jpg']","['The worker had worked for many years as a professional.', 'The seamstress was a true professional. ', 'The skilled professional maneuvered her way out of the situation.', 'The beekeeper, always a professional, stayed calm as they spoke. ', 'The lumberyard needs to hire a new a professional. ', ""The ultrasound technician needed another professional's opinion. ""]"
126,protection,2.5,"['stimuli/images/Protection/protection_1.jpg', 'stimuli/images/Protection/protection_2.jpg', 'stimuli/images/Protection/protection_3.jpg', 'stimuli/images/Protection/protection_4.jpg', 'stimuli/images/Protection/protection_5.jpg', 'stimuli/images/Protection/protection_6.jpg']","['The protection he provided gave her security.', 'Privacy does not equate protection in these parts.', 'He wanted to avoid calling protection services. ', 'The shield provided little protection.', 'She did not feel safe with the protection she was given.', 'He found protection by staying inside the house.']"
127,quality,2.18,"['stimuli/images/Quality/quality_1.jpg', 'stimuli/images/Quality/quality_2.jpg', 'stimuli/images/Quality/quality_3.jpg', 'stimuli/images/Quality/quality_4.jpg', 'stimuli/images/Quality/quality_5.jpg', 'stimuli/images/Quality/quality_6.jpg']","['The shopkeeper could guarantee good quality. ', 'The quality of the performance kept the shows sold out. ', 'He was a stickler for good quality.', 'Their standard of quality is higher than that of most. ', 'Maintaining the quality of produce is becoming more difficult.', 'Cleanliness is the first commandment in quality. ']"
128,reaction,2.41,"['stimuli/images/Reaction/reaction_1.jpg', 'stimuli/images/Reaction/reaction_2.jpg', 'stimuli/images/Reaction/reaction_3.jpg', 'stimuli/images/Reaction/reaction_4.jpg', 'stimuli/images/Reaction/reaction_5.jpg', 'stimuli/images/Reaction/reaction_6.jpg']","['The reaction the metal showed when exposed to oxygen was noticeable. ', 'The chemical reaction was difficult to explain in words. ', 'Dilute the solutions for a less dramatic reaction. ', 'Adding ethanol will produce a different reaction. ', 'The impurity of the materials will hinder a reaction. ', 'The concentration will bear impact on the reaction. ']"
129,read,3.56,"['stimuli/images/Read/read_1.jpg', 'stimuli/images/Read/read_2.jpg', 'stimuli/images/Read/read_3.jpg', 'stimuli/images/Read/read_4.jpg', 'stimuli/images/Read/read_5.jpg', 'stimuli/images/Read/read_6.jpg']","[""I can't read that whole book. "", 'She read the information online.', 'The title was too long to read. ', 'Half of the literature she read was medieval. ', ""He didn't read up on any of the relevant topics."", 'He read the documentation of the case last night. ']"
130,relationship,2.8,"['stimuli/images/Relationship/relationship_1.jpg', 'stimuli/images/Relationship/relationship_2.jpg', 'stimuli/images/Relationship/relationship_3.jpg', 'stimuli/images/Relationship/relationship_4.jpg', 'stimuli/images/Relationship/relationship_5.jpg', 'stimuli/images/Relationship/relationship_6.jpg']","['Their relationship began as an affair.', 'The couple had recently labeled their relationship.', 'Intimacy has to be maintained in a relationship.', ""The brother's relationship was chummy. "", ""Her parents' relationship is harmonious. "", 'Their working relationship was amicable. ']"
131,religious,2.5,"['stimuli/images/Religious/religious_1.jpg', 'stimuli/images/Religious/religious_2.jpg', 'stimuli/images/Religious/religious_3.jpg', 'stimuli/images/Religious/religious_4.jpg', 'stimuli/images/Religious/religious_5.jpg', 'stimuli/images/Religious/religious_6.jpg']","['Church is a place where religious people go.', 'Religious people often pray.', 'Having grown up religious, he gave a prayer.', 'By definition, a missionary is religious.  ', 'The chapel is where you can perform religious practice.', 'The religious man was pious. ']"
132,residence,4.34,"['stimuli/images/Residence/residence_1.jpg', 'stimuli/images/Residence/residence_2.jpg', 'stimuli/images/Residence/residence_3.jpg', 'stimuli/images/Residence/residence_4.jpg', 'stimuli/images/Residence/residence_5.jpg', 'stimuli/images/Residence/residence_6.jpg']","['He took up residence in a nearby town.', 'The nearest residence is five miles away.', 'The lodge is set up like a personal residence.', 'The neighborhood has a new residence up for sale. ', 'The location of the residence is sublime. ', 'She wished she could take up residence in the hotel. ']"
133,road,4.75,"['stimuli/images/Road/road_1.jpg', 'stimuli/images/Road/road_2.jpg', 'stimuli/images/Road/road_3.jpg', 'stimuli/images/Road/road_4.jpg', 'stimuli/images/Road/road_5.jpg', 'stimuli/images/Road/road_6.jpg']","['The bus blocked the entire road.', 'The tunnel cut across the road after the stop sign. ', 'The sidewalk ran alongside the road for a few more blocks.', ""The pileup on the road didn't clear for hours."", ""To the tourist's surprise, the main road only had one lane."", 'The tollbooth was at the end of the road. ']"
134,sad,3.07,"['stimuli/images/Sad/sad_1.jpg', 'stimuli/images/Sad/sad_2.jpg', 'stimuli/images/Sad/sad_3.jpg', 'stimuli/images/Sad/sad_4.jpg', 'stimuli/images/Sad/sad_5.jpg', 'stimuli/images/Sad/sad_6.jpg']","['She was pained by the odd reminder of her sad past.', 'A glimpse into the future could be happy or sad. ', 'The perplexing nature of the situation made him sad.', 'It was upsetting how sad she was. ', 'The depressing movie made everyone in the audience sad. ', 'The moment was noteworthy yet sad. ']"
135,science,2.79,"['stimuli/images/Science/science_1.jpg', 'stimuli/images/Science/science_2.jpg', 'stimuli/images/Science/science_3.jpg', 'stimuli/images/Science/science_4.jpg', 'stimuli/images/Science/science_5.jpg', 'stimuli/images/Science/science_6.jpg']","['The research facility is dedicated to studies of natural science.', 'The student studied many different kinds of science.', 'This applied science is very different from that. ', 'His dissertation was in the field of material sciences.', 'Economics is a kind of social science. ', 'The article was published in her favorite science journal. ']"
136,seafood,4.83,"['stimuli/images/Seafood/seafood_1.jpg', 'stimuli/images/Seafood/seafood_2.jpg', 'stimuli/images/Seafood/seafood_3.jpg', 'stimuli/images/Seafood/seafood_4.jpg', 'stimuli/images/Seafood/seafood_5.jpg', 'stimuli/images/Seafood/seafood_6.jpg']","['Shrimp is a kind of seafood.', 'She ordered scallops at the small seafood restaurant.', 'Seafood can be prepared in many different ways, like tempura.', 'He was excited to see flounder in the seafood section of the grocery store.', 'Caviar is a gourmet kind of seafood.', 'Chowder is made with different kinds of seafood.']"
137,sell,3.35,"['stimuli/images/Sell/sell_1.jpg', 'stimuli/images/Sell/sell_2.jpg', 'stimuli/images/Sell/sell_3.jpg', 'stimuli/images/Sell/sell_4.jpg', 'stimuli/images/Sell/sell_5.jpg', 'stimuli/images/Sell/sell_6.jpg']","['Someone will buy the car if you sell it. ', 'She will sell it for cheap.', 'The supply is too high for you to sell it for that price.', 'His hobby is to buy and sell comic books. ', 'The drugstore sells both prescription and over-the-counter medicines.', 'I will sell secondhand clothes for a living. ']"
138,sew,3.93,"['stimuli/images/Sew/sew_1.jpg', 'stimuli/images/Sew/sew_2.jpg', 'stimuli/images/Sew/sew_3.jpg', 'stimuli/images/Sew/sew_4.jpg', 'stimuli/images/Sew/sew_5.jpg', 'stimuli/images/Sew/sew_6.jpg']","['Knowing how to sew well requires an eye for detail. ', 'The pattern was too hard to sew by hand.', 'He is quite crafty and likes to sew. ', 'She forgot to sew the last stitch.', 'He chose woodcarving over learning to sew. ', 'The artisan could sew the most beautiful gowns. ']"
139,sexy,2.64,"['stimuli/images/Sexy/sexy_1.jpg', 'stimuli/images/Sexy/sexy_2.jpg', 'stimuli/images/Sexy/sexy_3.jpg', 'stimuli/images/Sexy/sexy_4.jpg', 'stimuli/images/Sexy/sexy_5.jpg', 'stimuli/images/Sexy/sexy_6.jpg']","['Many people find the model super sexy.', 'His girlfriend is so sexy.', 'The pervert found everything with a heartbeat sexy.', 'The symbol of the cheerleader is very sexy in America.', ""He's a babe, that's how sexy he is. "", 'Knowing how to seduce someone is sexy. ']"
140,shape,3.14,"['stimuli/images/Shape/shape_1.jpg', 'stimuli/images/Shape/shape_2.jpg', 'stimuli/images/Shape/shape_3.jpg', 'stimuli/images/Shape/shape_4.jpg', 'stimuli/images/Shape/shape_5.jpg', 'stimuli/images/Shape/shape_6.jpg']","['A two dimensional shape is flat.', 'A circle is an elementary shape. ', 'The pyramid is a three-dimensional shape. ', 'Her body has the shape of an hourglass. ', ""A typical cloud's shape is irregular.  "", 'The dimensions of the table made it an odd shape. ']"
141,ship,4.87,"['stimuli/images/Ship/ship_1.jpg', 'stimuli/images/Ship/ship_2.jpg', 'stimuli/images/Ship/ship_3.jpg', 'stimuli/images/Ship/ship_4.jpg', 'stimuli/images/Ship/ship_5.jpg', 'stimuli/images/Ship/ship_6.jpg']","['Boat is another way of describing a small ship.', 'The pilot made it onto the ship in time. ', 'The smallest sail of the ship ripped in the wind.', 'The ship was off onto its next expedition.', 'The voyage began when the ship left the island. ', ""The yacht was the owner's favorite ship. ""]"
142,show,3.97,"['stimuli/images/Show/show_1.jpg', 'stimuli/images/Show/show_2.jpg', 'stimuli/images/Show/show_3.jpg', 'stimuli/images/Show/show_4.jpg', 'stimuli/images/Show/show_5.jpg', 'stimuli/images/Show/show_6.jpg']","['The show was still on television.', 'The next episode of the show would unfold unexpectedly.', 'He thought the show was a bit melodramatic.', 'The humor of the show was slapstick comedy.', 'She wanted to reenact the storyline of the show.', 'This sitcom has been around longer than that show.']"
143,sign,4.62,"['stimuli/images/Sign/sign_1.jpg', 'stimuli/images/Sign/sign_2.jpg', 'stimuli/images/Sign/sign_3.jpg', 'stimuli/images/Sign/sign_4.jpg', 'stimuli/images/Sign/sign_5.jpg', 'stimuli/images/Sign/sign_6.jpg']","['The sign marked the entrance.', 'The graffiti was a sign of his presence.', 'This was a telltale sign of love.', 'The sign was inscribed with rules.', 'The sign fell from the roof with a swoosh.', 'The sign hung from the billboard. ']"
144,silly,2.2,"['stimuli/images/Silly/silly_1.jpg', 'stimuli/images/Silly/silly_2.jpg', 'stimuli/images/Silly/silly_3.jpg', 'stimuli/images/Silly/silly_4.jpg', 'stimuli/images/Silly/silly_5.jpg', 'stimuli/images/Silly/silly_6.jpg']","['The proposal was so unrealistic as to be silly.', 'The silly rumor was just absurd.', 'His unsubstantiated claims made him look silly.', 'The play was ridiculous and silly.', 'The overblown statistics sounded silly.', 'The news story was silly and unfounded. ']"
145,sin,1.85,"['stimuli/images/Sin/sin_1.jpg', 'stimuli/images/Sin/sin_2.jpg', 'stimuli/images/Sin/sin_3.jpg', 'stimuli/images/Sin/sin_4.jpg', 'stimuli/images/Sin/sin_5.jpg', 'stimuli/images/Sin/sin_6.jpg']","[""She can't forgive him for this sin."", ""Make sure your wrath doesn't make you sin."", 'Sin makes a sinner.', 'The sin of a firstborn is never forgotten. ', 'The couple spent the night rejoicing his sin. ', 'The extent of the sin was an abomination. ']"
146,skin,4.79,"['stimuli/images/Skin/skin_1.jpg', 'stimuli/images/Skin/skin_2.jpg', 'stimuli/images/Skin/skin_3.jpg', 'stimuli/images/Skin/skin_4.jpg', 'stimuli/images/Skin/skin_5.jpg', 'stimuli/images/Skin/skin_6.jpg']","['The skin on her face became red in the sun.', 'Some think that shaving your skin makes it smoother.', 'Her skin was prone to a pimple or two in the summer.', 'Tanning your skin artificially can cause cancer.', 'The fragrance of his skin was delightful.', ""A vampire's skin can shimmer in the sun. ""]"
147,smart,1.75,"['stimuli/images/Smart/smart_1.jpg', 'stimuli/images/Smart/smart_2.jpg', 'stimuli/images/Smart/smart_3.jpg', 'stimuli/images/Smart/smart_4.jpg', 'stimuli/images/Smart/smart_5.jpg', 'stimuli/images/Smart/smart_6.jpg']","[""The candidate's responses are always smart and informed."", 'He seems smart and sincere. ', 'She is fearless and very smart. ', ""She is genuinely smart but doesn't work hard enough."", 'The fifth grader was smart and resourceful. ', 'Too trusting but smart, she managed to get out of the situation. ']"
148,smiling,3.88,"['stimuli/images/Smiling/smiling_1.jpg', 'stimuli/images/Smiling/smiling_2.jpg', 'stimuli/images/Smiling/smiling_3.jpg', 'stimuli/images/Smiling/smiling_4.jpg', 'stimuli/images/Smiling/smiling_5.jpg', 'stimuli/images/Smiling/smiling_6.jpg']","['He spent the afternoon staring at the sun and smiling.', 'The girl is innocently smiling at the stranger.', 'He was smiling angrily.', 'Smiling faintly, she said goodbye. ', 'The little boy was obligingly smiling at the teacher. ', 'The woman was found smiling wistfully out the window. ']"
149,solution,2.61,"['stimuli/images/Solution/solution_1.jpg', 'stimuli/images/Solution/solution_2.jpg', 'stimuli/images/Solution/solution_3.jpg', 'stimuli/images/Solution/solution_4.jpg', 'stimuli/images/Solution/solution_5.jpg', 'stimuli/images/Solution/solution_6.jpg']","['The best solution has the fewest loopholes.', 'The perfect solution may not always be simple.', 'His solution is to end the affair in a discrete way.', 'The solution is straightforward and hopefully effective. ', 'A viable solution for global warming is hard to come up with. ', 'Her solution was affordable for all parties. ']"
150,soul,1.86,"['stimuli/images/Soul/soul_1.jpg', 'stimuli/images/Soul/soul_2.jpg', 'stimuli/images/Soul/soul_3.jpg', 'stimuli/images/Soul/soul_4.jpg', 'stimuli/images/Soul/soul_5.jpg', 'stimuli/images/Soul/soul_6.jpg']","['The notions of soul and spirit are closely related.', 'The goodness of his soul makes him glow. ', 'The realization that he had a soul astounded him.', 'She wondered if her soul would live on in eternity.', 'Her soul wished for something eternal to hold on to. ', 'His discovery of his soul was a blessing. ']"
151,sound,3.7,"['stimuli/images/Sound/sound_1.jpg', 'stimuli/images/Sound/sound_2.jpg', 'stimuli/images/Sound/sound_3.jpg', 'stimuli/images/Sound/sound_4.jpg', 'stimuli/images/Sound/sound_5.jpg', 'stimuli/images/Sound/sound_6.jpg']","['The sound of her voice calmed him down immediately.', ""The microphone wasn't producing any sound."", 'The speakerphone has great sound quality. ', 'That sound came from the keyboard. ', 'His sound was on mute. ', 'She was broadcasting the sound across the field. ']"
152,spoke,3.38,"['stimuli/images/Spoke/spoke_1.jpg', 'stimuli/images/Spoke/spoke_2.jpg', 'stimuli/images/Spoke/spoke_3.jpg', 'stimuli/images/Spoke/spoke_4.jpg', 'stimuli/images/Spoke/spoke_5.jpg', 'stimuli/images/Spoke/spoke_6.jpg']","['When she spoke, she stated the truth.', 'She candidly spoke about her experiences.', 'He spoke pessimistically over coffee.', 'He spoke conversationally, not really listening.', 'The first grader spoke engagingly during her presentation.', 'He spoke tellingly about the situation. ']"
153,star,4.69,"['stimuli/images/Star/star_1.jpg', 'stimuli/images/Star/star_2.jpg', 'stimuli/images/Star/star_3.jpg', 'stimuli/images/Star/star_4.jpg', 'stimuli/images/Star/star_5.jpg', 'stimuli/images/Star/star_6.jpg']","['The star looked like an incoming meteor.', 'The astronomer was observing a star light years away from Earth. ', 'His star sign is Gemini.', 'The microcosmic star still shines bright. ', 'The spaceflight uncovered a new star. ', 'She liked that her star sign was Capricorn. ']"
154,student,4.92,"['stimuli/images/Student/student_1.jpg', 'stimuli/images/Student/student_2.jpg', 'stimuli/images/Student/student_3.jpg', 'stimuli/images/Student/student_4.jpg', 'stimuli/images/Student/student_5.jpg', 'stimuli/images/Student/student_6.jpg']","['The student was in class when his mother called.', 'Every student receives a scholarship based on merit.', 'The faculty to student ratio was rather high this year. ', 'In preparation for the semester, the student reread all her notes.', 'This past term zipped by for the student. ', 'Only one student in the class was bilingual. ']"
155,stupid,1.75,"['stimuli/images/Stupid/stupid_1.jpg', 'stimuli/images/Stupid/stupid_2.jpg', 'stimuli/images/Stupid/stupid_3.jpg', 'stimuli/images/Stupid/stupid_4.jpg', 'stimuli/images/Stupid/stupid_5.jpg', 'stimuli/images/Stupid/stupid_6.jpg']","['That guy is so stupid and such a fool.', 'The stupid secretary is just so incompetent. ', 'He said a bunch of stupid baloney.', 'Good riddance to that stupid project! ', 'The stupid lowlife walked right out of her life. ', 'She calls her ex a jackass, I just think he is stupid. ']"
156,successful,2.07,"['stimuli/images/Successful/successful_1.jpg', 'stimuli/images/Successful/successful_2.jpg', 'stimuli/images/Successful/successful_3.jpg', 'stimuli/images/Successful/successful_4.jpg', 'stimuli/images/Successful/successful_5.jpg', 'stimuli/images/Successful/successful_6.jpg']","['The famous actress was extremely successful.', 'The scientist was successful at exerting his influence.', 'As successful as he was, he strove for more fame.', 'Her successful career made her a legendary figure.', 'That woman is so successful that we call her a powerhouse. ', 'He had been successful in the sixties. ']"
157,sugar,4.87,"['stimuli/images/Sugar/sugar_1.jpg', 'stimuli/images/Sugar/sugar_2.jpg', 'stimuli/images/Sugar/sugar_3.jpg', 'stimuli/images/Sugar/sugar_4.jpg', 'stimuli/images/Sugar/sugar_5.jpg', 'stimuli/images/Sugar/sugar_6.jpg']","['The recipe called for a whole cup of sugar.', 'Plain sugar is the only kind he uses.', 'Sugar and butter are two of his biggest cravings.', 'Unrefined sugar has a grittier taste.', 'The tapioca is soaked in sugar. ', 'Powdered sugar can be very messy. ']"
158,suspect,2.59,"['stimuli/images/Suspect/suspect_1.jpg', 'stimuli/images/Suspect/suspect_2.jpg', 'stimuli/images/Suspect/suspect_3.jpg', 'stimuli/images/Suspect/suspect_4.jpg', 'stimuli/images/Suspect/suspect_5.jpg', 'stimuli/images/Suspect/suspect_6.jpg']","['The suspect was dead before they got to him.', ""The police still didn't have a prime suspect."", 'The suspect attempted to run. ', 'The suspect committed suicide in prison.', 'The real kidnapper was not a suspect in the case. ', ""The suspect's motive was senseless. ""]"
159,table,4.9,"['stimuli/images/Table/table_1.jpg', 'stimuli/images/Table/table_2.jpg', 'stimuli/images/Table/table_3.jpg', 'stimuli/images/Table/table_4.jpg', 'stimuli/images/Table/table_5.jpg', 'stimuli/images/Table/table_6.jpg']","['The table is made of glass.', 'The chandelier is hanging from the ceiling right above the dining room table.', 'He put the candle on the table.', 'The porcelain stood at the center of the table. ', 'The silverware looked beautiful on the table.', 'The chrome table had a very modern look. ']"
160,taste,4.07,"['stimuli/images/Taste/taste_1.jpg', 'stimuli/images/Taste/taste_2.jpg', 'stimuli/images/Taste/taste_3.jpg', 'stimuli/images/Taste/taste_4.jpg', 'stimuli/images/Taste/taste_5.jpg', 'stimuli/images/Taste/taste_6.jpg']","['She thought the hot chocolate had a rich taste. ', 'The spicy taste lingered in her mouth.', 'The taste of the margarita had a slight zing.', 'Her delicate palate reacted strongly to the taste of the unfamiliar fruit. ', 'The distinctive taste of the cereal did not please him.', 'She enjoyed the aroma and taste of the mousse.']"
161,team,3.79,"['stimuli/images/Team/team_1.jpg', 'stimuli/images/Team/team_2.jpg', 'stimuli/images/Team/team_3.jpg', 'stimuli/images/Team/team_4.jpg', 'stimuli/images/Team/team_5.jpg', 'stimuli/images/Team/team_6.jpg']","['The team won yet another game.', 'The team set a new record. ', 'The team was in the lead at halftime.', 'The entering freshman dominated the team.', 'The prospect of playing with the team made him happy.', 'The team lineup was daunting ']"
162,texture,3.83,"['stimuli/images/Texture/texture_1.jpg', 'stimuli/images/Texture/texture_2.jpg', 'stimuli/images/Texture/texture_3.jpg', 'stimuli/images/Texture/texture_4.jpg', 'stimuli/images/Texture/texture_5.jpg', 'stimuli/images/Texture/texture_6.jpg']","['The rough texture of the table was surprising.', 'The weird-looking cake had a yucky texture.', 'The jellylike texture of the milk meant it had gone bad.', 'The couch cushion had a plushy texture. ', 'His skin had gotten a leathery texture over the years.', 'The sticky texture of the floor was disgusting. ']"
163,time,3.07,"['stimuli/images/Time/time_1.jpg', 'stimuli/images/Time/time_2.jpg', 'stimuli/images/Time/time_3.jpg', 'stimuli/images/Time/time_4.jpg', 'stimuli/images/Time/time_5.jpg', 'stimuli/images/Time/time_6.jpg']","['It had seemed like he had so much time the night before.', 'The days go quicker with time.', 'They had to reschedule the meeting for a later time.', 'He missed the time of the deadline.', ""The calendar didn't have enough space to write in the time. "", 'Tomorrow is a better time for her. ']"
164,tool,4.6,"['stimuli/images/Tool/tool_1.jpg', 'stimuli/images/Tool/tool_2.jpg', 'stimuli/images/Tool/tool_3.jpg', 'stimuli/images/Tool/tool_4.jpg', 'stimuli/images/Tool/tool_5.jpg', 'stimuli/images/Tool/tool_6.jpg']","['The tool he needed most right now was a saw.', 'The machine seemed a bit excessive in the tool shed.  ', 'The most useful tool in the office is a stapler. ', 'The switchblade is a dangerous tool to carry around.', 'The shears did not work as well as the tool shop advertised.', 'The best tool for crushing has yet to be determined. ']"
165,toy,4.93,"['stimuli/images/Toy/toy_1.jpg', 'stimuli/images/Toy/toy_2.jpg', 'stimuli/images/Toy/toy_3.jpg', 'stimuli/images/Toy/toy_4.jpg', 'stimuli/images/Toy/toy_5.jpg', 'stimuli/images/Toy/toy_6.jpg']","['The toy was so cute.', 'That doll is the perfect toy for her. ', 'The toy was jumbo sized. ', 'The toy became a figment of her imagination.', 'The water toy was inflatable. ', 'The dinky toy kept the cat preoccupied. ']"
166,tree,5.0,"['stimuli/images/Tree/tree_1.jpg', 'stimuli/images/Tree/tree_2.jpg', 'stimuli/images/Tree/tree_3.jpg', 'stimuli/images/Tree/tree_4.jpg', 'stimuli/images/Tree/tree_5.jpg', 'stimuli/images/Tree/tree_6.jpg']","['The apple tree bore fruit in the spring.', 'The orange tree provided bountiful produce.', 'The tree smelled like spearmint.', 'The sandalwood tree is yellow.', 'A hemlock is a kind of tree. ', 'The twig broke off of the tree. ']"
167,trial,3.07,"['stimuli/images/Trial/trial_1.jpg', 'stimuli/images/Trial/trial_2.jpg', 'stimuli/images/Trial/trial_3.jpg', 'stimuli/images/Trial/trial_4.jpg', 'stimuli/images/Trial/trial_5.jpg', 'stimuli/images/Trial/trial_6.jpg']","['The case finally went to trial. ', 'The lawyer meditated before the trial.', 'A decision would be made today during the trial. ', 'The defendant in the trial got nervous.', 'The juror felt forced to take part in the trial. ', 'The trial was a chance for the attorney to show his expertise. ']"
168,tried,2.07,"['stimuli/images/Tried/tried_1.jpg', 'stimuli/images/Tried/tried_2.jpg', 'stimuli/images/Tried/tried_3.jpg', 'stimuli/images/Tried/tried_4.jpg', 'stimuli/images/Tried/tried_5.jpg', 'stimuli/images/Tried/tried_6.jpg']","['He tried again later.', 'Soon afterwards she tried to call him. ', 'He corrected the mistake and fortunately tried again.', 'He tried to close the door, this time forcibly.', 'She hurriedly tried to run after the cat. ', 'He abandoned the endeavor after she tried and failed. ']"
169,typical,1.52,"['stimuli/images/Typical/typical_1.jpg', 'stimuli/images/Typical/typical_2.jpg', 'stimuli/images/Typical/typical_3.jpg', 'stimuli/images/Typical/typical_4.jpg', 'stimuli/images/Typical/typical_5.jpg', 'stimuli/images/Typical/typical_6.jpg']","['It is typical for her to get bored in lecture and rely on his notes. ', 'It was actually quite peculiar and not typical for him to act out like that.', 'Regardless of the situation, it is typical for her to call him out. ', 'She assumed that this kind of weather was typical for the city.', 'He preferred the typical, conventional kind of pants. ', 'She was accustomed to a more typical kind of interaction. ']"
170,unaware,1.75,"['stimuli/images/Unaware/unaware_1.jpg', 'stimuli/images/Unaware/unaware_2.jpg', 'stimuli/images/Unaware/unaware_3.jpg', 'stimuli/images/Unaware/unaware_4.jpg', 'stimuli/images/Unaware/unaware_5.jpg', 'stimuli/images/Unaware/unaware_6.jpg']","['She was unaware of how oblivious he really was.', 'She was unashamed of her status, perhaps because she was unaware of it.', 'Unprejudiced and unaware, she went full throttle. ', 'Inarticulate and unaware of current issues, he makes a terrible candidate. ', 'He was unaware of how uninterested she was. ', 'He was unaware and unequipped for the gravity of the situation. ']"
171,usable,2.0,"['stimuli/images/Usable/usable_1.jpg', 'stimuli/images/Usable/usable_2.jpg', 'stimuli/images/Usable/usable_3.jpg', 'stimuli/images/Usable/usable_4.jpg', 'stimuli/images/Usable/usable_5.jpg', 'stimuli/images/Usable/usable_6.jpg']","['The writing was barely usable and hardly publishable.', 'More importantly, not only was the design usable, but reproducible. ', 'At least, the product was usable and distinguishable. ', 'The microwave is recognizably usable for the average citizen.', ""It won't be marketable until it is universally usable. "", 'The usable parts are all salvageable. ']"
172,useless,1.78,"['stimuli/images/Useless/useless_1.jpg', 'stimuli/images/Useless/useless_2.jpg', 'stimuli/images/Useless/useless_3.jpg', 'stimuli/images/Useless/useless_4.jpg', 'stimuli/images/Useless/useless_5.jpg', 'stimuli/images/Useless/useless_6.jpg']","['It was frustrating how useless calling Customer Service was.', 'The useless task was just busywork.', 'She found it irritating how useless his presentation was.', 'The trip was agonizing and quite useless. ', 'The grueling process turned out to be useless.', 'The excruciating demands at work made her feel useless. ']"
173,vacation,3.14,"['stimuli/images/Vacation/vacation_1.jpg', 'stimuli/images/Vacation/vacation_2.jpg', 'stimuli/images/Vacation/vacation_3.jpg', 'stimuli/images/Vacation/vacation_4.jpg', 'stimuli/images/Vacation/vacation_5.jpg', 'stimuli/images/Vacation/vacation_6.jpg']","['The vacation started with a perfect sunset.', 'The rest of her vacation was super relaxed.', ""There's nothing like vacation in paradise."", 'The vacation in Hawaii proved to be a luxury.', 'She enjoyed being on vacation, a hideaway from home. ', 'For their honeymoon, they had a vacation in France. ']"
174,war,3.63,"['stimuli/images/War/war_1.jpg', 'stimuli/images/War/war_2.jpg', 'stimuli/images/War/war_3.jpg', 'stimuli/images/War/war_4.jpg', 'stimuli/images/War/war_5.jpg', 'stimuli/images/War/war_6.jpg']","['The army was willing to lose the war. ', 'The camp is not safe from the war. ', 'The soldier was sent to war. ', 'He did not want to know of any casualty of the war. ', ""I don't know how you could rebel against a war. "", 'The battlefield of the war expanded quickly. ']"
175,wash,4.35,"['stimuli/images/Wash/wash_1.jpg', 'stimuli/images/Wash/wash_2.jpg', 'stimuli/images/Wash/wash_3.jpg', 'stimuli/images/Wash/wash_4.jpg', 'stimuli/images/Wash/wash_5.jpg', 'stimuli/images/Wash/wash_6.jpg']","[""You can wash the counter as much as you'd like, it'll never be sterile."", 'The dishwasher can wash all the dishes.', 'He liked to wash himself with bar soap more. ', 'After she could wash herself, she finally felt clean.', 'You have to wash your laundry before you can go. ', 'The maid was asked to wash the floor. ']"
176,weak,2.79,"['stimuli/images/Weak/weak_1.jpg', 'stimuli/images/Weak/weak_2.jpg', 'stimuli/images/Weak/weak_3.jpg', 'stimuli/images/Weak/weak_4.jpg', 'stimuli/images/Weak/weak_5.jpg', 'stimuli/images/Weak/weak_6.jpg']","['She felt crummy and weak after the class.', 'The competition left her feeling weak and mediocre. ', 'He saw himself as weak and unattractive. ', 'The project had a weak foundation and overall was poorly managed.', 'The dismal building looked weak in the wind.', 'His pitch was weak and generally amateurish.  ']"
177,wear,3.61,"['stimuli/images/Wear/wear_1.jpg', 'stimuli/images/Wear/wear_2.jpg', 'stimuli/images/Wear/wear_3.jpg', 'stimuli/images/Wear/wear_4.jpg', 'stimuli/images/Wear/wear_5.jpg', 'stimuli/images/Wear/wear_6.jpg']","['She wanted to wear a dress tonight. ', 'When you wear silk you have to be careful.', 'I want to wear a handkerchief tonight.', ""I can't wear something unbuttoned to meet his parents."", ""If you wear bloomers one more time, I'll scream."", 'I like to wear sheath-like material. ']"
178,weather,3.83,"['stimuli/images/Weather/weather_1.jpg', 'stimuli/images/Weather/weather_2.jpg', 'stimuli/images/Weather/weather_3.jpg', 'stimuli/images/Weather/weather_4.jpg', 'stimuli/images/Weather/weather_5.jpg', 'stimuli/images/Weather/weather_6.jpg']","['The cold weather almost ruined the trip.', ""Summer weather brightens everyone's mood."", 'The weather in autumn is bearable. ', 'The weather report did not predict the blizzard.', 'The monsoon was typical of New Delhi weather. ', 'The balmy weather was good for their skin. ']"
179,willingly,2.04,"['stimuli/images/Willingly/willingly_1.jpg', 'stimuli/images/Willingly/willingly_2.jpg', 'stimuli/images/Willingly/willingly_3.jpg', 'stimuli/images/Willingly/willingly_4.jpg', 'stimuli/images/Willingly/willingly_5.jpg', 'stimuli/images/Willingly/willingly_6.jpg']","['Not only did he willingly pick her up, he was happy to do so.', 'She willingly listened as he complained incessantly. ', 'Against all odds, he willingly and earnestly committed the crime.', ""She answered the prosecutor's questions openly and willingly."", 'She fiercely defended him as he willingly took the blame. ', 'The interviewer consistently attacked him as he willingly obliged. ']"
180,word,3.56,"['stimuli/images/Word/word_1.jpg', 'stimuli/images/Word/word_2.jpg', 'stimuli/images/Word/word_3.jpg', 'stimuli/images/Word/word_4.jpg', 'stimuli/images/Word/word_5.jpg', 'stimuli/images/Word/word_6.jpg']","['She used the correct word on first try.', 'The sentence was missing a word.', 'Her nickname is a word commonly used to describe goats.', 'That word is difficult to pronounce.', 'The spelling of the word makes no sense.', ""I can't seem to translate that word. ""]"
